Date,NVDA_open,NVDA_high,NVDA_low,NVDA_close,NVDA_volume
10/1/13,15.58,15.655,15.465,15.55,5674400
10/2/13,15.39,15.6,15.39,15.54,4050900
10/3/13,15.55,15.692,15.305,15.38,10919200
10/4/13,15.36,15.72,15.32,15.59,6155700
10/7/13,15.53,15.7,15.45,15.59,4248800
10/8/13,15.55,15.77,15.34,15.46,7267800
10/9/13,15.56,15.57,15.14,15.22,6896500
10/10/13,15.33,15.43,15.22,15.385,5587100
10/11/13,15.15,15.34,15.1,15.26,5342600
10/14/13,15.22,15.49,15.22,15.49,4165700
10/15/13,15.49,15.5799,15.4,15.41,5220500
10/16/13,15.5,15.66,15.48,15.6,5251800
10/17/13,15.48,15.67,15.48,15.63,5333100
10/18/13,15.6,15.86,15.54,15.81,6376700
10/21/13,16,16.01,15.8,15.85,4875200
10/22/13,15.85,15.86,15.63,15.77,4486300
10/23/13,15.74,15.74,15.45,15.501,6305400
10/24/13,15.54,15.64,15.364,15.385,5910900
10/25/13,15.47,15.48,15.19,15.24,8262300
10/28/13,15.22,15.29,15,15.21,9850600
10/29/13,15.19,15.26,15.05,15.23,9698800
10/30/13,15.28,15.35,15.09,15.22,5100800
10/31/13,15.24,15.35,15.16,15.189,7334200
11/1/13,15.27,15.33,15.15,15.255,5153400
11/4/13,15.31,15.31,14.79,14.82,10256600
11/5/13,14.73,14.865,14.57,14.8,10559200
11/6/13,14.8,14.91,14.65,14.9,4951100
11/7/13,14.85,14.89,14.52,14.545,13826900
11/8/13,15,15.61,14.935,15.56,18363300
11/11/13,15.5,15.73,15.47,15.69,7440600
11/12/13,15.76,15.85,15.54,15.715,7900800
11/13/13,15.68,16.15,15.65,16.15,8319800
11/14/13,16.1,16.315,16.09,16.22,7699500
11/15/13,16.28,16.3,16.01,16.17,11258300
11/18/13,15.82,15.96,15.74,15.78,7923700
11/19/13,15.62,15.76,15.42,15.44,5167900
11/20/13,15.45,15.49,15.18,15.21,5119400
11/21/13,15.23,15.36,15.16,15.33,5339200
11/22/13,15.35,15.35,15.15,15.18,3966700
11/25/13,15.18,15.53,15.18,15.51,6205200
11/26/13,15.68,15.805,15.575,15.64,18829400
11/27/13,15.63,15.745,15.53,15.7,4531800
11/29/13,15.7,15.74,15.5,15.6,2924100
12/2/13,15.54,15.86,15.51,15.75,9346800
12/3/13,15.8,15.955,15.64,15.74,7264000
12/4/13,15.7,15.99,15.655,15.96,12329400
12/5/13,15.99,15.99,15.68,15.7,6795300
12/6/13,15.89,15.89,15.43,15.47,7025000
12/9/13,15.47,15.52,15.18,15.205,9630500
12/10/13,15.21,15.63,15.19,15.56,13106700
12/11/13,15.59,15.61,15.38,15.41,10353900
12/12/13,15.36,15.44,15.08,15.11,6468100
12/13/13,15.14,15.25,15,15.02,4614700
12/16/13,15.03,15.17,15.02,15.04,5940500
12/17/13,15.03,15.15,14.9,15.11,6852600
12/18/13,15.14,15.35,14.95,15.32,10655800
12/19/13,15.3,15.4,15.2,15.38,6463600
12/20/13,15.41,15.7,15.37,15.685,9552000
12/23/13,15.78,15.91,15.65,15.78,4214200
12/24/13,15.87,15.87,15.66,15.82,1990000
12/26/13,15.88,15.925,15.63,15.67,4223000
12/27/13,15.75,15.79,15.66,15.76,5274400
12/30/13,15.77,15.98,15.75,15.97,6204500
12/31/13,16,16.1,15.9,16.02,5894400
1/2/14,15.92,15.98,15.72,15.86,6502300
1/3/14,15.89,15.9201,15.62,15.67,6483300
1/6/14,15.83,16,15.68,15.88,10237300
1/7/14,16.04,16.2,15.925,16.14,8332200
1/8/14,16.2,16.44,16.14,16.36,7704800
1/9/14,16.11,16.14,15.7,15.75,7304300
1/10/14,15.8,15.91,15.59,15.73,5462300
1/13/14,15.73,15.825,15.33,15.36,6083300
1/14/14,15.44,15.87,15.37,15.84,6045700
1/15/14,15.91,16.065,15.84,16.01,4376100
1/16/14,16.01,16.09,15.9401,16.06,5516300
1/17/14,16.06,16.25,15.89,15.99,8510000
1/21/14,16.01,16.15,15.88,16.05,6151900
1/22/14,16.08,16.1,15.84,16.03,8448500
1/23/14,15.98,16.15,15.85,15.97,4625700
1/24/14,15.84,15.9,15.56,15.56,6167400
1/27/14,15.56,15.78,15.37,15.46,5845300
1/28/14,15.43,15.62,15.37,15.61,4199900
1/29/14,15.55,15.64,15.45,15.46,4073600
1/30/14,15.55,15.75,15.5,15.72,5072400
1/31/14,15.5,15.79,15.49,15.7,8383700
2/3/14,15.81,15.83,15.43,15.49,10793200
2/4/14,15.48,15.61,15.4,15.58,7017300
2/5/14,15.47,15.52,15.32,15.44,5366900
2/6/14,15.46,15.68,15.44,15.64,4209500
2/7/14,15.68,15.89,15.54,15.87,3931200
2/10/14,15.85,16.13,15.835,15.92,8109300
2/11/14,16.01,16.29,15.9301,16.25,5884600
2/12/14,16.3,16.95,16.3,16.83,18613200
2/13/14,17.25,17.46,16.95,17.36,22570900
2/14/14,17.2,17.95,17.19,17.91,20438400
2/18/14,17.92,17.98,17.75,17.9,10724700
2/19/14,17.9,18.3,17.82,18.14,11258500
2/20/14,18.18,18.815,18.15,18.78,9952200
2/21/14,18.75,18.99,18.52,18.64,11276300
2/24/14,18.6,19.05,18.43,18.91,10077800
2/25/14,18.8,18.88,18.54,18.74,6054600
2/26/14,18.7,18.98,18.65,18.71,9022100
2/27/14,18.71,18.9,18.45,18.5,9721200
2/28/14,18.4,18.58,18.1144,18.38,8042300
3/3/14,17.97,18.29,17.81,18.29,9398700
3/4/14,18.38,18.6,18.35,18.48,6508600
3/5/14,18.46,18.65,18.38,18.64,6036800
3/6/14,18.67,18.77,18.35,18.38,7253600
3/7/14,18.46,18.49,18.215,18.36,6711300
3/10/14,18.3,18.38,18.01,18.09,7522200
3/11/14,18.18,18.43,18.12,18.27,7430500
3/12/14,18.18,18.43,18.11,18.32,5985700
3/13/14,18.36,18.43,17.65,17.74,9629300
3/14/14,17.56,17.98,17.56,17.82,11501200
3/17/14,17.87,18,17.8,17.82,7491400
3/18/14,17.89,18.36,17.81,18.24,7347600
3/19/14,18.38,18.91,18.33,18.555,9154200
3/20/14,18.46,18.73,18.38,18.57,4795000
3/21/14,18.73,18.88,18.44,18.54,14152900
3/24/14,18.55,18.7,18.18,18.45,7652400
3/25/14,18.65,18.67,18.31,18.45,7610600
3/26/14,18.62,18.97,17.87,18.03,13943900
3/27/14,17.99,18.14,17.585,17.79,13518200
3/28/14,17.76,18.01,17.71,17.9,9970500
3/31/14,17.93,18.09,17.805,17.91,6835100
4/1/14,18.48,18.87,18.26,18.65,16406800
4/2/14,18.65,18.69,18.45,18.53,5998700
4/3/14,18.57,19.185,18.56,18.73,14988700
4/4/14,18.83,18.94,18.065,18.15,9200800
4/7/14,18.16,18.56,18.06,18.21,10714400
4/8/14,18.21,18.91,18.1803,18.86,11767300
4/9/14,18.95,19.11,18.69,18.84,10549200
4/10/14,18.76,19.02,18.32,18.38,9318700
4/11/14,18.24,18.52,17.88,18.12,8827800
4/14/14,18.24,18.39,18.12,18.32,7254600
4/15/14,18.34,18.55,18.16,18.45,7615900
4/16/14,18.54,18.56,18.255,18.49,5878400
4/17/14,18.42,18.73,18.38,18.56,3838300
4/21/14,18.57,18.76,18.45,18.71,2925100
4/22/14,18.74,18.99,18.64,18.87,6378000
4/23/14,18.9,19.14,18.87,19.09,6539500
4/24/14,19.22,19.46,19.22,19.26,9787300
4/25/14,19.22,19.4,18.69,18.73,7840000
4/28/14,18.88,18.98,18.42,18.65,5669700
4/29/14,18.72,18.757,18.48,18.69,4282500
4/30/14,18.66,18.68,18.43,18.47,7643500
5/1/14,18.75,18.79,18.42,18.57,4952600
5/2/14,18.66,18.66,18.32,18.43,3909400
5/5/14,18.41,18.77,18.39,18.63,5981500
5/6/14,18.81,18.97,18.2,18.25,10404700
5/7/14,18.25,18.42,18.07,18.275,7347500
5/8/14,18.2,18.79,18.11,18.5,10818200
5/9/14,17.94,18.11,17.71,18.05,13488300
5/12/14,18.09,18.62,18.08,18.58,7496400
5/13/14,18.33,18.63,18.22,18.28,5527600
5/14/14,18.29,18.36,18.09,18.1,5358000
5/15/14,18.06,18.16,17.82,18,8147400
5/16/14,17.86,18.09,17.86,17.96,7099000
5/19/14,18.15,18.64,18.07,18.54,9001900
5/20/14,18.46,18.51,18.15,18.24,6405000
5/21/14,18.31,18.465,18.125,18.24,5417800
5/22/14,18.2,18.42,18.2,18.32,3259100
5/23/14,18.42,18.58,18.31,18.49,4566400
5/27/14,18.6,18.82,18.54,18.82,5242000
5/28/14,18.89,19.1,18.71,18.98,5616900
5/29/14,18.97,19.13,18.91,18.95,4297100
5/30/14,18.95,19.05,18.85,19,5978200
6/2/14,19.06,19.18,18.78,18.94,4537500
6/3/14,18.98,19,18.61,18.86,6080300
6/4/14,18.81,19.02,18.8,18.88,4030900
6/5/14,18.91,19.02,18.8,18.96,4717400
6/6/14,19.05,19.2,18.98,19.03,4026300
6/9/14,19.01,19.23,18.88,19.05,6186400
6/10/14,18.98,19.24,18.9,19.15,5440200
6/11/14,19.08,19.445,19.08,19.4,6655700
6/12/14,19.4,19.61,19.23,19.52,8428700
6/13/14,19.72,19.73,19.35,19.54,5696300
6/16/14,19.45,19.61,19.31,19.48,4965500
6/17/14,19.5,19.69,19.4,19.61,3940200
6/18/14,19.56,19.68,19.38,19.59,5388400
6/19/14,19.23,19.33,19,19.138,11864800
6/20/14,19.19,19.255,18.78,18.93,8828700
6/23/14,18.68,18.72,18.46,18.71,10355000
6/24/14,18.68,18.83,18.34,18.42,6894500
6/25/14,18.47,18.62,18.3,18.61,5385500
6/26/14,18.61,18.62,18.3,18.36,6422700
6/27/14,18.34,18.49,18.23,18.38,7570500
6/30/14,18.31,18.59,18.31,18.54,4512800
7/1/14,18.52,18.855,18.46,18.75,8029500
7/2/14,18.68,18.76,18.57,18.6825,4482100
7/3/14,18.51,18.9,18.51,18.85,3422300
7/7/14,18.88,18.89,18.67,18.7,3187400
7/8/14,18.65,18.73,18.37,18.55,5548500
7/9/14,18.71,19.19,18.57,19.11,9691700
7/10/14,18.75,19.09,18.6,19.005,6657700
7/11/14,19.03,19.11,18.96,19.05,4779700
7/14/14,19.13,19.34,19.06,19.29,6815900
7/15/14,19.32,19.42,19.19,19.37,9886000
7/16/14,19.45,19.6,19.24,19.35,7993200
7/17/14,19.13,19.5,19.13,19.3,8120800
7/18/14,18.9,19.05,18.41,18.44,14195400
7/21/14,18.37,18.68,18.37,18.55,6084100
7/22/14,18.69,18.79,18.43,18.47,7470400
7/23/14,18.48,18.49,18.06,18.08,7433800
7/24/14,18.18,18.23,17.98,18.11,6364400
7/25/14,18.05,18.09,17.76,17.79,6653300
7/28/14,17.87,17.87,17.415,17.72,8258800
7/29/14,17.73,18.02,17.72,17.78,5449300
7/30/14,17.89,18.13,17.84,18.08,6154600
7/31/14,17.86,18,17.465,17.5,10047000
8/1/14,17.5,17.79,17.44,17.69,5497100
8/4/14,17.67,17.82,17.56,17.65,6043100
8/5/14,17.6,17.92,17.45,17.66,7453400
8/6/14,17.54,17.86,17.41,17.64,5586400
8/7/14,17.79,17.95,17.34,17.46,10192400
8/8/14,18.22,19.1,18.22,19,22358700
8/11/14,19.02,19.1,18.85,18.9,8615600
8/12/14,18.89,19,18.69,18.9,7403800
8/13/14,18.93,19.17,18.81,19.01,6414900
8/14/14,19.08,19.08,18.72,18.8,6399800
8/15/14,18.86,19.145,18.68,19.04,9244900
8/18/14,19.12,19.32,18.93,19.3,7101900
8/19/14,19.22,19.47,19.15,19.37,6206500
8/20/14,19.3,19.39,19.205,19.25,5536700
8/21/14,19.2,19.3,19.04,19.07,6819900
8/22/14,19.05,19.24,18.93,19.08,6280600
8/25/14,19.16,19.29,19.07,19.11,3834500
8/26/14,19.16,19.49,19.09,19.455,6740900
8/27/14,19.33,19.475,19.2,19.23,4574300
8/28/14,19.19,19.43,19.13,19.39,4492600
8/29/14,19.46,19.49,19.25,19.45,5198300
9/2/14,19.5,19.5,19.315,19.495,4815900
9/3/14,19.6,19.75,19.47,19.685,6486400
9/4/14,19.65,20.15,19.64,20.03,12295800
9/5/14,20.01,20.1,19.84,19.97,6344800
9/8/14,19.95,19.99,19.71,19.79,7982200
9/9/14,19.7,19.83,19.52,19.54,4964700
9/10/14,19.65,19.685,19.425,19.61,4309400
9/11/14,19.47,19.54,19.2,19.41,6268000
9/12/14,19.53,19.53,19.095,19.12,6563400
9/15/14,19.18,19.21,18.78,18.86,7353800
9/16/14,18.81,19.24,18.75,19.135,5498400
9/17/14,19.09,19.33,19,19.15,4339600
9/18/14,19.27,19.46,19.21,19.44,5490100
9/19/14,19.5,19.52,19.05,19.08,15032900
9/22/14,19.47,19.47,18.87,18.89,5536600
9/23/14,18.79,19.02,18.72,18.81,4903600
9/24/14,18.8,18.98,18.78,18.92,3987420
9/25/14,18.9,18.95,18.47,18.51,7425059
9/26/14,18.57,18.69,18.49,18.545,6029702
9/29/14,18.4,18.65,18.2236,18.515,5213585
9/30/14,18.44,18.58,18.2301,18.45,6930130
10/1/14,18.48,18.61,18.22,18.27,8775121
10/2/14,18.24,18.33,17.77,18.19,7224861
10/3/14,18.3,18.55,18.23,18.23,5978474
10/6/14,18.3,18.45,18,18.12,4975777
10/7/14,18.04,18.215,17.905,17.925,7547439
10/8/14,17.91,18.35,17.77,18.26,6504284
10/9/14,18.18,18.195,17.76,17.91,7674982
10/10/14,17.77,17.83,16.84,16.845,17284422
10/13/14,16.96,17.3,16.77,16.785,9940730
10/14/14,17.02,17.65,16.92,17.175,9415488
10/15/14,16.93,17.53,16.815,17.44,10110978
10/16/14,17.13,17.65,17.09,17.45,8777944
10/17/14,17.66,17.865,17.35,17.42,7268519
10/20/14,17.42,17.725,17.3,17.57,5008404
10/21/14,17.7,18.34,17.65,18.32,8778272
10/22/14,18.29,18.35,17.89,17.89,5987921
10/23/14,18.2,18.42,18.07,18.285,5367494
10/24/14,18.4,18.59,18.285,18.48,5254152
10/27/14,18.47,18.56,18.27,18.49,3627782
10/28/14,18.44,18.955,18.42,18.93,4814453
10/29/14,18.85,18.96,18.64,18.805,4208504
10/30/14,18.76,18.84,18.45,18.69,4256451
10/31/14,19.12,19.55,19.02,19.54,6408266
11/3/14,19.99,20.06,19.77,19.87,7719851
11/4/14,20,20.2,19.67,20.13,9004886
11/5/14,20.25,20.255,19.98,20.13,8391257
11/6/14,20.17,20.25,19.86,20.22,9852201
11/7/14,20.45,20.6859,19.59,19.79,11269962
11/10/14,19.77,20.1501,19.72,20.02,7334724
11/11/14,19.9,20.01,19.605,19.78,5325270
11/12/14,19.71,19.76,19.38,19.645,5114569
11/13/14,19.72,19.749,19.39,19.55,5633239
11/14/14,19.57,19.79,19.375,19.785,4006181
11/17/14,19.7,19.91,19.57,19.695,3968295
11/18/14,19.71,20.22,19.66,20.17,5194312
11/19/14,20.1,20.16,19.8,20.01,6007542
11/20/14,19.87,20.36,19.81,20.34,5524226
11/21/14,20.52,20.55,20.28,20.455,4974441
11/24/14,20.5,20.67,20.42,20.58,3400125
11/25/14,20.54,20.72,20.5,20.57,4756021
11/26/14,20.45,20.94,20.44,20.915,5481634
11/28/14,20.99,21.09,20.8028,20.97,3120781
12/1/14,20.88,21,20.55,20.58,4751507
12/2/14,20.56,20.7,20.37,20.61,6148798
12/3/14,20.71,21.15,20.65,21.14,7111426
12/4/14,21.11,21.19,20.81,20.95,4665777
12/5/14,20.96,21.18,20.95,21.07,4142028
12/8/14,21.04,21.25,20.63,20.8,5676710
12/9/14,20.67,20.78,20.36,20.73,5986188
12/10/14,20.67,20.75,20.245,20.27,5117856
12/11/14,20.39,20.53,20.22,20.26,3391302
12/12/14,19.99,20.17,19.61,19.63,8103662
12/15/14,19.86,20.22,19.511,19.57,6367418
12/16/14,19.55,19.86,19.34,19.345,4632726
12/17/14,19.74,20.17,19.1,20.14,8639935
12/18/14,20.39,20.63,20.03,20.22,5653939
12/19/14,20.36,20.5,20.17,20.42,8138230
12/22/14,20.4,20.78,20.33,20.78,3724357
12/23/14,20.94,21.04,20.625,20.65,2731983
12/24/14,20.7,20.725,20.55,20.57,1141128
12/26/14,20.57,20.7,20.52,20.59,1316100
12/29/14,20.53,20.7,20.43,20.56,2083128
12/30/14,20.42,20.52,20.34,20.37,2803010
12/31/14,20.4,20.51,19.99,20.05,4157958
1/2/15,20.13,20.28,19.811,20.13,2842012
1/5/15,20.13,20.19,19.7,19.79,4948799
1/6/15,19.82,19.84,19.17,19.19,4944121
1/7/15,19.33,19.5,19.08,19.135,8045186
1/8/15,19.36,19.98,19.35,19.86,7094534
1/9/15,19.93,20.09,19.655,19.94,5204700
1/12/15,19.99,19.995,19.51,19.69,4768307
1/13/15,19.84,20.24,19.525,19.655,5917960
1/14/15,19.45,19.8,19.4,19.74,3881531
1/15/15,19.88,20,19.59,19.6,4723757
1/16/15,19.57,19.98,19.51,19.96,4537800
1/20/15,20.1,20.21,19.77,20.02,3507719
1/21/15,19.91,20.35,19.77,20.3,3619494
1/22/15,20.34,20.705,20.13,20.65,3992810
1/23/15,20.67,20.745,20.5,20.71,3010389
1/26/15,20.62,20.72,20.49,20.615,3331008
1/27/15,20.3,20.32,19.59,19.63,8948721
1/28/15,19.87,19.95,19.3,19.31,6818214
1/29/15,19.32,19.89,19.23,19.78,5883531
1/30/15,19.64,19.869,19.17,19.205,7454968
2/2/15,19.32,19.7,18.94,19.62,6490149
2/3/15,19.76,20.13,19.66,20.11,4586670
2/4/15,20.05,20.385,19.985,20.16,4537872
2/5/15,20.18,20.5,20.16,20.485,3511195
2/6/15,20.47,20.71,20.31,20.4,5263073
2/9/15,20.28,20.44,20.15,20.38,6849193
2/10/15,20.4,20.96,20.31,20.95,5655113
2/11/15,21,21,20.67,20.81,8020778
2/12/15,22,22.5,21.87,22.3,16922588
2/13/15,22.25,22.34,21.91,22.31,7752149
2/17/15,22.27,22.49,22.13,22.375,5083466
2/18/15,22.35,22.39,22.08,22.12,4273997
2/19/15,22.4,22.44,22.08,22.175,4235760
2/20/15,22.16,22.35,22,22.335,3943820
2/23/15,22.33,22.33,22.05,22.16,3125918
2/24/15,22.16,22.31,21.96,22.31,3733318
2/25/15,22.22,22.32,22.035,22.14,3095526
2/26/15,22.16,22.325,22.02,22.2,3821597
2/27/15,22.14,22.19,21.981,22.06,3937273
3/2/15,22,22.72,21.971,22.595,7537781
3/3/15,22.43,22.54,22.11,22.18,4008638
3/4/15,22.1,22.48,22.01,22.43,5670997
3/5/15,22.43,22.9,22.37,22.86,8076425
3/6/15,22.73,22.84,22.525,22.55,6434807
3/9/15,22.56,22.78,22.51,22.61,5559693
3/10/15,22.71,23.149,22.67,22.995,13180267
3/11/15,23,23.3,22.815,22.88,6552965
3/12/15,22.66,22.83,22.24,22.67,10174260
3/13/15,22.56,22.76,22.25,22.7,8982188
3/16/15,22.88,23.11,22.73,22.97,5923864
3/17/15,22.92,23.26,22.76,23.25,7498556
3/18/15,23.25,23.37,22.66,22.87,10346084
3/19/15,22.95,23.3,22.78,23.215,7768859
3/20/15,23.41,23.605,23.19,23.47,11552119
3/23/15,22.77,23.07,22.7,22.71,10650277
3/24/15,22.64,22.8,22.3,22.4,8262025
3/25/15,22.39,22.39,20.97,21.04,13563840
3/26/15,20.61,21.055,20.46,20.965,7797997
3/27/15,21.09,21.46,20.75,21.38,7957152
3/30/15,21.48,21.58,21.2,21.47,6331256
3/31/15,21.41,21.43,20.91,20.925,8931942
4/1/15,21.01,21.08,20.65,21.01,8269223
4/2/15,21.13,21.19,20.88,21.06,4805086
4/6/15,20.97,21.74,20.75,21.665,12896584
4/7/15,21.67,22.1,21.55,21.86,10349069
4/8/15,21.88,22.1,21.67,22.02,9160786
4/9/15,21.85,22.6,21.84,22.525,9485827
4/10/15,22.55,22.77,22.47,22.76,6468219
4/13/15,22.71,22.84,22.45,22.55,5918106
4/14/15,22.46,22.55,22.1438,22.36,5506852
4/15/15,22.42,22.795,22.31,22.63,6088960
4/16/15,22.5,22.69,22.33,22.49,3882058
4/17/15,22.02,22.42,22.01,22.2,7340917
4/20/15,22.3,22.44,22.05,22.09,5790646
4/21/15,22.36,22.36,21.95,22.055,5761365
4/22/15,22.19,22.34,21.85,22.31,5185481
4/23/15,21.9,22.43,21.65,22.22,6484469
4/24/15,22.21,22.22,21.78,22.03,6023972
4/27/15,22.1,22.59,21.91,22.2,6211356
4/28/15,22.16,22.385,21.95,22.305,5862106
4/29/15,22.15,22.37,22.05,22.14,4878919
4/30/15,22.03,22.305,21.98,22.195,5471083
5/1/15,22.38,22.82,22.28,22.75,6424185
5/4/15,22.73,22.88,22.54,22.61,5018024
5/5/15,22.53,22.56,21.93,22.03,7323195
5/6/15,22.15,22.36,21.81,22.1,7912111
5/7/15,22.01,22.56,21.9401,22.49,13364077
5/8/15,21.01,21.84,20.49,20.825,28663778
5/11/15,20.54,20.84,20.38,20.63,13603644
5/12/15,20.48,21,20.47,20.83,9719994
5/13/15,20.98,21.14,20.75,20.95,7713070
5/14/15,21.01,21.4,20.96,21.29,7326280
5/15/15,21.38,21.48,21.17,21.3,5395619
5/18/15,21.25,21.4,21.15,21.27,8124292
5/19/15,21.2,21.27,21,21.04,6345222
5/20/15,21.05,21.3,21.02,21.04,4920581
5/21/15,21.05,21.14,20.87,20.89,5992250
5/22/15,20.94,21.015,20.81,20.86,5315282
5/26/15,20.76,20.9,20.574,20.73,6493277
5/27/15,20.87,21.935,20.8,21.84,10808271
5/28/15,21.84,22.2139,21.8,22.14,8191431
5/29/15,22.14,22.28,22.1,22.13,8379244
6/1/15,22.27,22.6001,22.13,22.38,9316504
6/2/15,22.24,22.36,21.92,21.935,5607582
6/3/15,22,22.17,21.66,21.7,6269692
6/4/15,21.57,22.16,21.57,22.09,8092765
6/5/15,22.02,22.36,21.79,22.26,7833001
6/8/15,22.19,22.34,21.5,21.75,8570301
6/9/15,21.77,22.02,21.73,21.86,6422222
6/10/15,21.6,21.74,21.35,21.47,13236526
6/11/15,21.47,21.85,21.47,21.7,7076296
6/12/15,21.56,21.69,21.06,21.11,8093164
6/15/15,21,21.165,20.84,21.07,7663673
6/16/15,21.03,21.36,20.82,21.33,6422253
6/17/15,21.32,21.7,21.27,21.58,5838648
6/18/15,21.76,22.08,21.7,21.94,7485090
6/19/15,21.94,22.12,21.67,21.87,8891427
6/22/15,21.91,22.03,21.45,21.775,12855929
6/23/15,21.82,21.99,21.05,21.22,10351627
6/24/15,21.19,21.3,20.91,21.01,6334204
6/25/15,21.01,21.3,21.01,21.17,8761548
6/26/15,21,21.17,20.65,20.74,10532373
6/29/15,20.5,20.71,20.09,20.12,9793096
6/30/15,20.24,20.33,19.97,20.11,7897857
7/1/15,20.61,20.9,20.22,20.4,7573001
7/2/15,20.39,20.55,20.29,20.42,3644115
7/6/15,20.25,20.53,20.015,20.17,5369413
7/7/15,20.05,20.13,19.16,19.79,14856327
7/8/15,19.68,19.8,19.49,19.65,8312287
7/9/15,19.96,20.05,19.2901,19.41,8939745
7/10/15,19.66,19.93,19.61,19.75,5417717
7/13/15,19.95,19.9899,19.745,19.88,5311791
7/14/15,19.91,19.93,19.63,19.89,6230429
7/15/15,19.84,19.97,19.57,19.75,6643348
7/16/15,19.87,20.19,19.8,20.19,7072291
7/17/15,20.12,20.14,19.8099,20.07,5509308
7/20/15,20.07,20.15,19.65,19.7,4710259
7/21/15,19.66,20.07,19.66,19.79,3743010
7/22/15,19.65,19.65,19.17,19.405,8911819
7/23/15,19.45,19.94,19.41,19.65,4247872
7/24/15,19.79,19.81,19.34,19.42,4721099
7/27/15,19.25,19.53,19.09,19.31,4810520
7/28/15,19.36,19.86,19.16,19.73,4957733
7/29/15,19.69,20.13,19.61,19.97,5817033
7/30/15,19.92,20.22,19.92,20.02,4754479
7/31/15,20.1,20.11,19.83,19.95,5459211
8/3/15,20.11,20.31,19.85,20.29,9928278
8/4/15,20.22,20.43,20.14,20.37,6502514
8/5/15,20.87,20.89,20.535,20.58,5856288
8/6/15,20.53,20.68,20.11,20.45,16391890
8/7/15,22.46,23.37,21.88,22.98,35131171
8/10/15,22.82,23.95,22.68,23.78,16557636
8/11/15,23.43,23.89,23.43,23.66,10875209
8/12/15,23.28,23.89,23.28,23.72,9602012
8/13/15,23.75,23.8,23.46,23.52,6922146
8/14/15,23.5,23.68,23.36,23.54,5366261
8/17/15,23.5,23.5,23.1,23.39,6846973
8/18/15,23.22,23.38,22.9,23.08,7177055
8/19/15,23.05,23.305,22.74,22.99,6231842
8/20/15,22.73,22.84,22.05,22.16,10673329
8/21/15,22,22.37,21.45,21.47,9566639
8/24/15,20.27,21.83,20,20.71,17057073
8/25/15,21.62,21.7,20.28,20.28,15567110
8/26/15,20.94,21.83,20.78,21.81,15374439
8/27/15,22.04,22.64,21.91,22.63,11594083
8/28/15,22.62,22.87,22.465,22.73,8023632
8/31/15,22.63,22.78,22.385,22.48,5483810
9/1/15,21.83,22.2,21.4,21.56,8835220
9/2/15,22.13,22.22,21.78,22.21,8601065
9/3/15,22.54,22.65,22.23,22.27,6563938
9/4/15,21.89,22.24,21.74,21.75,7200245
9/8/15,22.28,22.77,22.192,22.68,5961218
9/9/15,22.75,22.94,22.18,22.23,7234849
9/10/15,22.1,22.86,21.995,22.58,8926896
9/11/15,22.33,22.8,22.235,22.65,7539608
9/14/15,22.76,22.83,22.5701,22.69,4811636
9/15/15,22.7,23.06,22.63,22.94,8199412
9/16/15,22.9,23.23,22.725,23.1,4337684
9/17/15,23.5,23.71,23.26,23.31,6717769
9/18/15,22.99,23.49,22.85,23.29,8160255
9/21/15,23.32,23.58,23.2,23.53,7046616
9/22/15,23.02,23.18,22.765,22.89,5708923
9/23/15,22.91,23.14,22.8201,23,4040849
9/24/15,22.86,23.68,22.5,23.44,9561031
9/25/15,23.73,24.07,23.38,23.61,9242268
9/28/15,23.61,23.755,23.15,23.3,9698094
9/29/15,23.55,23.75,23.22,23.71,9518373
9/30/15,23.93,24.68,23.79,24.64,13712983
10/1/15,24.65,24.72,23.47,24.17,12232427
10/2/15,24.04,24.8006,23.79,24.8,9653639
10/5/15,24.96,25.73,24.83,25.42,12050571
10/6/15,25.15,25.86,25.05,25.75,11360526
10/7/15,25.81,26.28,25.39,26.02,7753799
10/8/15,25.91,26.2399,25.47,26.17,11501741
10/9/15,26.03,26.28,25.58,26.07,10581210
10/12/15,26.1,26.5,25.905,26.35,5689727
10/13/15,26.14,26.555,26.05,26.4,7461071
10/14/15,26.43,27.785,26.4,27.36,15304756
10/15/15,27.41,27.99,27.13,27.43,13151151
10/16/15,27.52,28.12,27.45,27.86,11209897
10/19/15,27.95,28.075,27.49,27.81,7367780
10/20/15,27.69,27.9,27.48,27.77,6620614
10/21/15,27.94,28.11,27.36,27.41,9667049
10/22/15,27.73,28.49,27.69,28.4,7672091
10/23/15,28.65,28.78,28.22,28.59,9544357
10/26/15,28.61,28.68,28.2,28.46,6185935
10/27/15,28.32,28.6175,28.3,28.44,5206678
10/28/15,28.62,28.67,28.2,28.67,5425852
10/29/15,28.21,28.5,27.63,27.68,8179177
10/30/15,27.98,28.57,27.77,28.37,7528965
11/2/15,28.46,28.73,28.29,28.7,4752197
11/3/15,28.53,28.69,28.18,28.5,9419230
11/4/15,28.42,28.63,27.9,28.03,11056571
11/5/15,28.17,28.245,27.63,27.71,11969974
11/6/15,30.45,31.94,29.82,31.55,29306777
11/9/15,31.24,31.5,30.97,31.41,12314225
11/10/15,31,31.17,30.1501,30.81,13806497
11/11/15,30.83,31.05,30.4,30.51,15503157
11/12/15,30.44,30.72,30.27,30.4,7277017
11/13/15,30.43,30.56,29.65,29.8,7323501
11/16/15,30.19,30.42,29.95,30.4,8607008
11/17/15,30.48,30.66,30.2735,30.4,6426163
11/18/15,30.41,31.07,30.075,31.03,8755358
11/19/15,31.14,31.43,30.8899,31.12,6351803
11/20/15,31.35,31.57,31.16,31.39,5993587
11/23/15,31.65,31.65,30.805,30.92,6063751
11/24/15,30.92,31.44,30.78,31.17,4885692
11/25/15,31.11,31.48,31.02,31.13,3457476
11/27/15,31.19,31.49,31.03,31.39,2175202
11/30/15,31.42,31.86,31.39,31.72,8181080
12/1/15,32,32.78,31.97,32.75,10237433
12/2/15,32.8,33.14,32.43,32.5,7356004
12/3/15,32.76,33.1,32.27,32.43,6166405
12/4/15,32.43,33.81,32.43,33.75,11468924
12/7/15,33.74,33.74,33.01,33.11,8339679
12/8/15,32.7,33.7,32.49,33.56,7862233
12/9/15,33.55,33.75,32.37,32.71,9316871
12/10/15,32.81,33.16,32.7,32.98,5914923
12/11/15,32.65,32.88,32.42,32.49,5683038
12/14/15,32.52,32.75,32.18,32.57,6908645
12/15/15,32.94,33.2,32.76,32.97,7682354
12/16/15,33.04,33.28,32.75,33.17,5908874
12/17/15,33.22,33.56,32.65,32.67,6354044
12/18/15,32.44,32.77,32.1,32.14,9897424
12/21/15,32.49,32.93,32.2,32.895,7105373
12/22/15,33,33.26,32.73,32.93,3250269
12/23/15,32.98,33.185,32.92,33.055,3063139
12/24/15,32.96,33.25,32.91,33.17,1311231
12/28/15,32.82,33.14,32.36,33.14,3550703
12/29/15,33.16,33.78,33.07,33.68,5091512
12/30/15,33.65,33.94,33.38,33.39,4508570
12/31/15,33.34,33.49,32.96,32.96,3713202
1/4/16,32.29,32.58,32.04,32.37,8951907
1/5/16,32.98,33.44,32.5,32.89,12256814
1/6/16,32.35,32.5,31.16,31.53,11233604
1/7/16,30.74,30.953,29.88,30.28,16132575
1/8/16,30.67,30.7,29.565,29.63,9961782
1/11/16,29.66,29.89,29.15,29.68,10235095
1/12/16,30.21,30.62,29.97,30.18,11733893
1/13/16,30.41,30.61,29.23,29.26,12041762
1/14/16,28.66,29,27.82,28.67,15005864
1/15/16,27.52,27.85,26.64,27.11,21036303
1/19/16,27.67,28.45,27.215,27.33,11428537
1/20/16,26.81,27.83,26.45,27.48,12029457
1/21/16,27.78,28.23,27.21,27.8,12036422
1/22/16,28.33,28.64,28.27,28.45,6450312
1/25/16,28.44,28.765,28.355,28.42,6768203
1/26/16,28.48,28.82,28.185,28.7,5699182
1/27/16,28.66,28.745,27.815,28.36,5792528
1/28/16,28.59,28.69,27.5,28.05,6919451
1/29/16,28.29,29.345,28.18,29.29,7762622
2/1/16,29.26,29.45,29.01,29.3,7247099
2/2/16,29,29.15,27.86,28.06,8547710
2/3/16,28.28,28.45,27.55,28.2,8169351
2/4/16,28.24,28.85,27.93,28.21,8703450
2/5/16,28.02,28.33,26.35,26.43,15010685
2/8/16,26.03,26.16,24.85,25.22,15221320
2/9/16,24.92,26.55,24.8,25.49,10634314
2/10/16,25.65,26.39,25.29,25.43,8394980
2/11/16,24.78,25.56,24.78,25.3,8503635
2/12/16,25.7,25.78,24.75,25.73,8520367
2/16/16,26.1,27.03,26.02,26.99,12133795
2/17/16,27.33,27.92,27.22,27.66,19286666
2/18/16,29.93,30.975,29.9,30.04,26716489
2/19/16,29.88,30.71,29.65,30.44,13140732
2/22/16,30.88,31.87,30.82,31.52,11241697
2/23/16,31.27,31.9,31.12,31.6,9234450
2/24/16,31.47,31.8679,30.6,31.82,8421336
2/25/16,31.94,32.05,31.32,31.89,8740367
2/26/16,32.04,32.1162,31.36,31.68,9049073
2/29/16,31.61,32.02,31.34,31.36,8083618
3/1/16,31.44,32.75,31.39,32.75,8717512
3/2/16,32.57,33.06,32.51,32.94,5845933
3/3/16,32.9,33.04,32.21,32.65,7550088
3/4/16,32.9,32.93,32.3,32.55,4382634
3/7/16,32.37,32.59,31.915,32.34,6005495
3/8/16,32.01,32.2,31.645,31.75,6644011
3/9/16,32.03,32.075,31.32,31.73,5569737
3/10/16,31.92,32.1,31.04,31.68,7152137
3/11/16,32.15,32.23,31.77,32.22,6934986
3/14/16,32.07,32.43,31.92,32.3,4757868
3/15/16,32.13,32.34,31.57,32.14,5655420
3/16/16,31.9,33.21,31.75,33.1,9091068
3/17/16,32.98,33.14,32.3739,32.82,8841959
3/18/16,33.21,34.25,33,33.81,13637802
3/21/16,33.51,33.92,33.15,33.91,8444539
3/22/16,33.8,34.085,33.43,33.85,6050266
3/23/16,34,34.68,33.85,34.43,10725171
3/24/16,34.12,34.54,34.01,34.48,6123854
3/28/16,34.42,34.98,34.38,34.83,6634700
3/29/16,34.68,35.47,34.6,35.39,6545266
3/30/16,35.52,36.25,35.5,35.76,9417474
3/31/16,35.92,36,35.35,35.63,9497052
4/1/16,35.41,36.17,35.14,36.15,8707319
4/4/16,36.45,36.64,35.66,35.8,9848551
4/5/16,35.48,36.08,35.34,35.75,8489215
4/6/16,35.3,35.82,34.63,35.8,11334379
4/7/16,35.57,35.89,35.28,35.43,9452644
4/8/16,35.72,35.95,35.305,35.66,6398373
4/11/16,35.87,36.47,35.76,35.88,9688098
4/12/16,36,36.05,35.14,35.84,7319077
4/13/16,36,36.75,36,36.74,8767861
4/14/16,36.64,37,36.49,36.84,10414131
4/15/16,36.83,37.46,36.712,37.13,10924273
4/18/16,37.06,37.06,36.61,36.97,7683044
4/19/16,37.11,37.18,36.08,36.31,7728777
4/20/16,36.25,36.67,36.21,36.45,5004434
4/21/16,36.46,36.63,36.25,36.41,4456989
4/22/16,36.53,36.78,36.145,36.27,5588539
4/25/16,36.28,36.65,36.18,36.45,4799765
4/26/16,36.67,37.09,36.32,36.48,5363364
4/27/16,36.39,37.33,36.323,37.31,8809858
4/28/16,37.08,37.3,36.11,36.2,9530551
4/29/16,36.05,36.13,35.14,35.53,8047562
5/2/16,35.87,36.22,35.7,36,6401920
5/3/16,35.59,35.74,35.261,35.57,5600585
5/4/16,35.14,35.17,34.4,34.76,13144065
5/5/16,35.05,35.38,34.71,34.97,6172113
5/6/16,34.91,35.425,34.84,35.33,4581000
5/9/16,35.42,35.57,34.99,35.28,8333411
5/10/16,35.5,36.02,35.16,35.96,6741929
5/11/16,36.07,36.46,35.87,36.06,8204441
5/12/16,36.32,36.48,34.93,35.57,16763533
5/13/16,39.19,41,39,40.98,52756404
5/16/16,40.67,42.8,40.54,42.19,24325757
5/17/16,42,42.58,41.4601,42.28,15709762
5/18/16,42,43.85,42,43.36,13526797
5/19/16,43.19,43.8586,43.13,43.55,9971981
5/20/16,43.82,44.51,43.75,44.33,9777090
5/23/16,44.52,44.69,44.13,44.4,10340877
5/24/16,44.42,45.5,44.3,45.36,10394721
5/25/16,45.5,45.69,44.81,45.17,11469411
5/26/16,45.25,45.98,45.12,45.65,7749081
5/27/16,45.7,45.97,45.55,45.9,6935389
5/31/16,46.1,46.815,46.07,46.72,10313131
6/1/16,46.5,47.26,46.36,46.81,9678267
6/2/16,47.06,47.54,46.6,47.14,8230202
6/3/16,46.68,46.74,45.66,46.48,11526864
6/6/16,46.6,46.96,46,46.24,8062841
6/7/16,46.52,46.78,46.31,46.33,4835017
6/8/16,46.34,46.51,45.8,46.18,5865431
6/9/16,46.02,47.45,45.92,47.38,11804167
6/10/16,46.82,47.24,46.14,46.2,10000592
6/13/16,46.25,47.6986,46.25,46.79,11889674
6/14/16,46.68,47.1,46.155,46.88,7458639
6/15/16,47.27,47.77,46.75,47.36,7525868
6/16/16,47.01,47.63,46.551,47.55,6161428
6/17/16,47.61,47.62,46.53,46.72,11775048
6/20/16,47.47,48.17,47.44,47.56,7344230
6/21/16,47.76,47.89,47.2,47.27,5312661
6/22/16,47.37,47.68,47.15,47.23,5065516
6/23/16,47.68,48.54,47.65,48.49,7446994
6/24/16,46.5,47.36,45.3,45.73,25442111
6/27/16,45.35,45.7,44.57,45.24,11258487
6/28/16,46.1,46.1499,45.27,45.9,9547980
6/29/16,46.3,47.01,46.18,46.65,7973264
6/30/16,46.73,47.3,46.35,47.01,10773475
7/1/16,46.75,47.36,46.5,46.66,5462198
7/5/16,46.4,47.43,46.03,47.35,9277061
7/6/16,47.02,47.925,46.78,47.65,6827594
7/7/16,47.97,49.06,47.75,48.89,9884992
7/8/16,49.41,51.091,49.22,50.85,12048273
7/11/16,51.58,52.4,51.52,52.02,11219437
7/12/16,52.6,53.28,51.94,52.8,10919045
7/13/16,52.9,53.2,52.7,52.78,8115130
7/14/16,53.06,53.8,52.62,53.32,7922283
7/15/16,52.64,52.935,51.841,52.7,10715357
7/18/16,53.35,53.43,52.77,52.97,6324838
7/19/16,52.94,53.7293,52.84,53.52,9566250
7/20/16,53.7,54.505,53.48,54.22,7411502
7/21/16,54.1,54.27,53.04,53.22,9032697
7/22/16,53.41,54.67,53.02,54.67,7894165
7/25/16,55,55.81,54.76,55.68,7813211
7/26/16,56.17,56.92,56.09,56.63,12862739
7/27/16,57.12,57.22,55.72,56.06,11166886
7/28/16,56.19,56.6,56.0137,56.18,5547934
7/29/16,56.39,57.25,55.38,57.1,10239664
8/1/16,57.34,57.55,56.36,56.73,7527970
8/2/16,57,57.03,55.5,56.04,7068720
8/3/16,55.97,56.3,55.66,56.19,7495709
8/4/16,56.46,57.49,56.35,57.23,6817803
8/5/16,57.89,58.23,57.61,58.2,9289735
8/8/16,59,59.14,58.12,58.74,7626603
8/9/16,59.03,59.46,58.74,58.89,9308559
8/10/16,59.41,59.5,58.3237,58.51,9393453
8/11/16,58.82,59.95,58.7,59.7,17026556
8/12/16,61.9,63.38,60.63,63.04,35643642
8/15/16,63.11,63.4964,62.1302,62.98,14332617
8/16/16,62.89,62.99,62.41,62.6,7191345
8/17/16,62.6,62.74,60.655,61.15,14880304
8/18/16,61.06,62.2,60.82,62.1,8292095
8/19/16,62.07,62.73,61.8,62.26,7288978
8/22/16,62.45,62.612,61.711,62.52,6118683
8/23/16,63.04,63.32,62.73,62.91,8494058
8/24/16,63.13,63.16,61.65,61.94,7461244
8/25/16,61.96,61.99,60.76,61.53,10150783
8/26/16,61.69,62.38,61.2,62.03,7500624
8/29/16,62.28,62.53,61.885,61.99,6866279
8/30/16,61.91,62.2426,61.46,61.63,7138622
8/31/16,61.75,61.92,61.16,61.34,9713642
9/1/16,61.39,63.38,61.34,63.15,10712305
9/2/16,63.28,63.35,61.82,62.53,8078742
9/6/16,62.75,63.12,62.429,63.12,7670320
9/7/16,62.92,63.2285,61.83,62.19,9949700
9/8/16,62.13,62.74,61.42,62.64,7895219
9/9/16,61.95,62.3,59,59.52,17443966
9/12/16,58.73,60.865,57.315,60.75,14956524
9/13/16,60.6,61.3,59.53,59.87,11794183
9/14/16,60.01,60.6,59.51,60.4,7984326
9/15/16,60.5,62.76,60.36,62.69,12884799
9/16/16,62.91,63.25,62.12,62.84,22561149
9/19/16,63.5,65.26,63.21,63.67,10428207
9/20/16,64.4,64.4,62.74,63.09,8277832
9/21/16,63.28,64.98,63.27,64.86,8405337
9/22/16,65.24,65.44,64.65,65.02,7718287
9/23/16,65.1,65.29,64.66,64.95,6903344
9/26/16,64.21,64.6,63.53,64.34,5751035
9/27/16,64.09,66.64,64.06,66.54,10068769
9/28/16,66.64,66.83,65.93,66.78,7994701
9/29/16,66.67,67.61,66.0514,67.4,8417136
9/30/16,67.77,69.19,67.37,68.52,10748304
10/3/16,68.52,69.51,68.331,68.45,6064853
10/4/16,68.55,69.7,67.79,68.3,7040645
10/5/16,68.88,69.58,68.02,68.23,7636009
10/6/16,67.41,67.83,66.26,67.34,9005317
10/7/16,67.79,67.97,66.66,66.85,7156502
10/10/16,67.2,67.56,66.47,67.1,7196868
10/11/16,66.88,66.98,65.62,66.13,9713476
10/12/16,65.86,66.7791,65.31,66.43,10498025
10/13/16,65.65,65.8,63.7,65.35,9752910
10/14/16,66.15,66.6,65.6,65.99,8265851
10/17/16,65.98,66.6,65.52,65.61,4883160
10/18/16,66.52,66.99,66.25,66.61,6734274
10/19/16,66.16,66.78,65.82,66.47,4976462
10/20/16,67.25,67.95,66.3,67.73,7802072
10/21/16,67.49,67.66,66.9,67.54,6987654
10/24/16,68,70.79,67.99,70.71,8495946
10/25/16,70.59,72.3,70.25,71.87,9936532
10/26/16,71.27,72.95,71.2,72.16,8344781
10/27/16,72.71,72.85,70.385,70.68,9716622
10/28/16,71.02,72.1,70.43,70.56,7271374
10/31/16,70.79,71.625,70.75,71.16,6309718
11/1/16,71.42,71.81,68.29,69.05,11830629
11/2/16,69.58,70.52,68.6355,68.76,7396231
11/3/16,69.08,69.14,66.64,67.96,7741593
11/4/16,67.51,68.7305,66.575,67.57,8219490
11/7/16,69.55,71.72,69.5,71.27,12189524
11/8/16,71.54,71.77,70.5,71.16,10747107
11/9/16,69.23,70.9,68.72,69.96,11413254
11/10/16,71.49,71.5,66.76,67.77,21732039
11/11/16,79.51,88.77,78.5,87.97,54383633
11/14/16,88.09,88.19,83.62,83.64,33719913
11/15/16,84.29,87.45,83.93,86.19,15652258
11/16/16,87.34,92.555,86.3452,91.63,24699644
11/17/16,92.31,94.7923,90.65,92.39,20824744
11/18/16,94.2248,94.33,91.8,93.36,14401499
11/21/16,94.09,94.35,92.4,92.98,10910868
11/22/16,93.3,93.7396,92.38,93.65,8259232
11/23/16,93.72,95.2499,92.77,93.97,11080857
11/25/16,93.47,95.1,93.41,94.16,4889078
11/28/16,93.87,94.74,93.6,94.11,6968370
11/29/16,94,94.44,92.53,93.25,11114187
11/30/16,92.2,94.16,92.1,92.2,11012545
12/1/16,92.1,92.17,84.77,87.64,25888074
12/2/16,86.86,88.8,85.12,88.45,11957300
12/5/16,89.99,92.61,89,91.88,15057125
12/6/16,92.21,93.73,91.57,93.39,12469875
12/7/16,92.84,95.3,92.1,95.07,12020093
12/8/16,95.19,96.62,93.0531,93.48,9538602
12/9/16,94.2,94.27,90.71,91.82,9557799
12/12/16,89.85,89.95,87.54,89.59,15033300
12/13/16,90.09,92.29,90.05,91.17,9694874
12/14/16,92.54,97.11,91.57,96.45,24599538
12/15/16,96.9,99.94,96.6,98.71,18663653
12/16/16,99.83,100.7,97.726,100.41,27238183
12/19/16,99.7,102.4499,99,101.63,18616431
12/20/16,104.58,106.13,104.12,105.17,21201433
12/21/16,105.64,105.95,103.71,105.83,14403361
12/22/16,106.82,108.87,106.53,107.11,17965259
12/23/16,106.38,109.835,106.27,109.78,16192331
12/27/16,112.06,117.36,111.22,117.32,29856842
12/28/16,119.6,119.93,108.69,109.25,57394116
12/29/16,104.9,111.49,102.8,111.43,54384182
12/30/16,111.35,111.92,106.3,106.74,30323259
1/3/17,104.4,106.37,99.38,102.01,37549876
1/4/17,103.4,105.5,101.53,104.39,29980506
1/5/17,104.53,105.82,101.05,101.74,24607382
1/6/17,102.85,104.25,101.2,103.1,20571416
1/9/17,103.5,108,103.5,107.28,22906225
1/10/17,107.81,109.19,105.63,106.47,22022969
1/11/17,106,106.2,104.15,105.16,13141588
1/12/17,104.23,104.7,101.62,103.44,15640414
1/13/17,103.6,105,103.06,103.43,11445543
1/17/17,103,103.2,100.57,101.11,14515259
1/18/17,100.24,103.23,99.11,102.95,16360615
1/19/17,103.07,106.46,102.98,105.16,16121778
1/20/17,106.08,106.8,103.12,104.01,12300557
1/23/17,103.8,105.9,103.7,105.09,9247639
1/24/17,105.5,107.58,104.9,107.33,10701271
1/25/17,109.05,109.3,106.3346,107.79,13084499
1/26/17,107.9,109.95,106.7,109.65,11469970
1/27/17,109.93,111.89,108.85,111.77,11799929
1/30/17,110.92,111.01,107.9106,110.02,12400084
1/31/17,108.95,110.05,108.2,109.18,9068865
2/1/17,110.58,114.12,109.86,113.95,14750082
2/2/17,113.3,115.74,112.06,115.39,12081040
2/3/17,115.45,115.9,113.9,114.38,9318633
2/6/17,114,117.3261,114,117.31,12669205
2/7/17,118.7,120.92,117.9,119.13,18655567
2/8/17,118.4,119.31,116.38,118.61,11239487
2/9/17,118.86,119.06,115.6,116.38,21064178
2/10/17,119.93,120.7,112.6,113.62,41277341
2/13/17,113.39,113.98,108.2,108.38,29518071
2/14/17,107.99,110.15,106.29,108.78,21265787
2/15/17,108.9,109.8,107.76,109,9325512
2/16/17,109.39,109.44,105.66,107.25,16179386
2/17/17,106.7,107.41,104.79,107.23,14093465
2/21/17,108.23,111.23,108.22,111.07,13798783
2/22/17,111.42,111.8,109.99,110.76,10844256
2/23/17,105.5,106.39,99.68,100.49,39822213
2/24/17,97.07,102,95.7,101.46,25747597
2/27/17,102.2,105.02,101.56,104.41,17885019
2/28/17,104.8,105.2,100.775,101.48,15633968
3/1/17,103.79,104.37,101.11,102.79,12620139
3/2/17,102.27,102.84,98.89,99,18858278
3/3/17,98.57,98.77,96.22,98.43,21636424
3/6/17,96.96,98.1,95.17,97.67,22089169
3/7/17,97.67,99.53,97.15,98.74,15085007
3/8/17,100.7,101.3,98.47,98.56,15967822
3/9/17,97.91,99.45,97.4,98.54,11951471
3/10/17,99.61,100.09,98.38,99.12,12493513
3/13/17,99.54,102.25,99.51,101.85,19353402
3/14/17,102.37,102.75,100.47,101.78,13050415
3/15/17,102.25,102.99,100.32,102.55,15375852
3/16/17,102.98,103.83,102.41,103.81,13077495
3/17/17,104.52,106.12,103.81,106.07,27992169
3/20/17,106.78,109.61,106.13,109.45,18714152
3/21/17,108.75,109.96,105.585,105.91,22837103
3/22/17,105.46,108.26,105.3,108.07,15419106
3/23/17,107.75,108.5572,106.7,107.09,13348542
3/24/17,108.97,109.29,106.42,107.47,10987546
3/27/17,105.58,108.405,103.575,108.25,12666100
3/28/17,108.3,108.89,107.27,107.69,10811109
3/29/17,107.99,108.49,107.25,107.34,8749791
3/30/17,107.63,110,107.4,109.4,13138349
3/31/17,109.01,109.89,108.4021,108.93,11020165
4/3/17,108.95,109.65,107.42,108.38,11130813
4/4/17,103.4,104.42,100.34,100.78,31782004
4/5/17,100.015,102.37,99.5,100.03,18676232
4/6/17,100.24,101.25,98.41,100.76,15878004
4/7/17,101.02,101.73,99.72,100.33,10628889
4/10/17,100.36,100.63,97.6,97.77,18908264
4/11/17,96.55,98.8999,96.35,98.12,15453747
4/12/17,98.12,98.7,97.1,97.31,10352296
4/13/17,96.33,97.21,95.49,95.49,12672345
4/17/17,96.01,99.24,95.8,99.23,12432305
4/18/17,98.65,99.54,97.6,99.29,9252944
4/19/17,100,100.98,99.41,99.68,9520659
4/20/17,100.27,101.4464,99.41,101.26,10100358
4/21/17,100.84,101.79,100.36,101.68,8547390
4/24/17,102.96,103.48,102.11,102.95,9286617
4/25/17,103.54,105.33,102.67,104.74,9710972
4/26/17,105.29,105.39,103.94,104.02,8175145
4/27/17,104.32,105.98,103.59,105.64,7992465
4/28/17,105.36,105.64,104.07,104.3,8706157
5/1/17,104.74,106.85,104.45,106.64,7693333
5/2/17,105.55,105.5955,102.56,103.48,15749327
5/3/17,103.2,104.64,102.6,104.25,8422633
5/4/17,104.5,104.95,103.53,103.85,5244692
5/5/17,103.38,104.15,102.75,103.86,5710736
5/8/17,104.34,104.4,102.31,102.77,9130990
5/9/17,103,104.93,102.66,102.94,21191792
5/10/17,114.29,121.82,114.02,121.29,53227434
5/11/17,120.05,130.43,119.91,126.5,48494808
5/12/17,126.63,129.6,125.78,127.89,24065459
5/15/17,129.56,134.41,129.38,134.31,27188548
5/16/17,136.38,137.44,133.3635,136.81,28017471
5/17/17,134.1,134.86,127.55,127.72,31784158
5/18/17,129.5,133.43,127.05,133.07,28900757
5/19/17,137.025,138.22,135.22,136,25459271
5/22/17,137.77,139.48,137.33,138.9,20915225
5/23/17,139.7,139.79,135.71,137.03,17031247
5/24/17,140.96,141.07,138.08,138.57,20434495
5/25/17,140,140.03,136.44,138.26,15205701
5/26/17,137.93,145.28,137.11,141.84,19478497
5/30/17,143.7,146.2911,143.05,144.87,24741298
5/31/17,146.69,147,142.05,144.35,22182894
6/1/17,144.99,145.03,142.52,144.36,12583467
6/2/17,144.24,145.3,143.4,143.64,12186434
6/5/17,142.98,148.53,142.51,148.01,20434442
6/6/17,147.82,149.69,146.8,147.34,18968189
6/7/17,148.33,149.88,147.7,149.12,15315293
6/8/17,153.46,160,151.79,159.94,29043605
6/9/17,164.74,168.5,142.75,149.6,92323196
6/12/17,145.88,151.7,142.11,149.97,42438280
6/13/17,154.4,154.77,145.65,151.4,41812580
6/14/17,151.52,154.06,148.5,151.72,29616036
6/15/17,146.96,153.6,146.5,152.37,24095612
6/16/17,152.76,154.7,150.24,151.62,23123950
6/19/17,153.41,157.53,153.26,157.32,19454439
6/20/17,159.03,161.74,156.92,157.09,27386086
6/21/17,158.21,159.62,155.7,159.47,17066279
6/22/17,159.8,160.34,157.4,158.37,11728324
6/23/17,158.68,159.32,153.22,153.83,27214702
6/26/17,155.16,156.6,148.33,152.15,26598996
6/27/17,151.44,151.79,146.35,146.58,24987313
6/28/17,149.32,151.94,145.75,151.75,24873679
6/29/17,150.6,150.72,144.08,146.68,26610631
6/30/17,147.38,147.93,143.5,144.56,18276526
7/3/17,145.05,145.6537,138.58,139.33,17726821
7/5/17,141.9,144.22,141.13,143.05,20504738
7/6/17,141.87,145.3799,139.76,143.48,18657132
7/7/17,145.78,147.5,144.85,146.76,16374302
7/10/17,149.74,154,148.6842,153.7,23962269
7/11/17,153.85,156.19,152.15,155.88,18948883
7/12/17,158.3,163,156.56,162.51,28630213
7/13/17,163,166.3,158.75,160.63,34228333
7/14/17,161.29,165.01,161.01,164.95,23548708
7/17/17,166.33,167.5,161.75,164.25,23269759
7/18/17,161.78,166.55,161.3,165.96,19415987
7/19/17,166.33,167.4,164.61,165.1,17176140
7/20/17,165.93,167.51,163.9121,167.5,17489889
7/21/17,166.67,169.3,166.09,168.1,16208257
7/24/17,168.39,168.78,165.72,166.15,16313052
7/25/17,165.22,165.93,163.581,165.35,12413896
7/26/17,167.68,169.927,165.85,167.26,16010113
7/27/17,168.27,168.74,157.56,161.74,19571379
7/28/17,160.29,165.38,159.28,164.39,12833737
7/31/17,164.94,166.4,160.62,162.51,13991802
8/1/17,162.125,164.56,161,164.49,10784578
8/2/17,165.75,165.91,161.27,164.39,11961082
8/3/17,164.37,166.63,163.68,166.48,11060541
8/4/17,167.4,170.07,166.48,167.21,14727353
8/7/17,168.39,172.37,168,172.35,17935280
8/8/17,173.89,174.56,168.71,170.3,18883354
8/9/17,168.43,172.21,167.67,172.11,13269623
8/10/17,172.16,172.66,164.33,164.74,33202199
8/11/17,157.14,159,152.91,155.96,37429859
8/14/17,159.67,168.55,159.2,168.4,31975541
8/15/17,168.61,169.67,165.59,166.98,19113263
8/16/17,167.59,168.54,163.84,165.15,14915786
8/17/17,164.81,165.5,161.38,161.47,13136065
8/18/17,163.67,164.36,159.64,161.5,15030107
8/21/17,162.49,162.95,157.37,159.15,15591767
8/22/17,160.49,162.79,159.71,162.55,11261403
8/23/17,161.2,166.25,160.85,165.8,14487996
8/24/17,167.1,167.28,164.12,165.19,11742501
8/25/17,166.17,166.58,163.55,163.81,8930022
8/28/17,164.58,165.1,162.33,164.97,9737393
8/29/17,162.59,165.58,162.261,164.7,8102357
8/30/17,165.5,166.13,164.27,165.68,9610039
8/31/17,166.5,169.6,166.2,169.44,15317105
9/1/17,169.95,171.9,169.6,170.46,11135787
9/5/17,168.38,168.5843,163.5625,165.91,17417392
9/6/17,167.24,167.8,164.4,165.81,9941783
9/7/17,166.49,167.89,164.95,166.58,8821702
9/8/17,166.11,166.71,162.71,163.69,12471422
9/11/17,165.54,169.4325,165.32,169,14186078
9/12/17,170,170,166.97,169.61,10287203
9/13/17,168.59,171.54,167.28,170.37,14523973
9/14/17,168.79,172.56,167.8,169.4,12842837
9/15/17,172.86,180.11,172.65,180.11,34119764
9/18/17,185.14,191.2,184.86,187.55,42111516
9/19/17,185.51,189.85,184.615,187.35,21856994
9/20/17,187.5,189.42,184.21,185.84,18122991
9/21/17,181.64,182.7,177.61,180.76,26889994
9/22/17,180.3,182.31,178.6,179,12280771
9/25/17,177.75,177.8,170.16,171,21864476
9/26/17,176.45,178.68,170.35,171.96,28140511
9/27/17,175.62,176.27,172.75,175.73,17842967
9/28/17,176.02,176.18,173.76,175.68,10881065
9/29/17,179.08,179.73,177.25,178.77,15477293
10/2/17,180.8,181.98,177,179,12586960
10/3/17,179.25,180.58,177.58,179.37,9758268
10/4/17,179.62,181.77,178.14,180.87,10696220
10/5/17,181.86,182,179.56,180.77,10934105
10/6/17,179.65,181.84,179,181.3,7969957
10/9/17,182.79,186.73,182.03,185.39,14087272
10/10/17,191.43,192.95,187.26,188.93,24371902
10/11/17,189.6,191,187.74,190.94,13237734
10/12/17,191.08,193.09,189.9301,191.03,13207315
10/13/17,193.55,195,191.65,194.59,15718233
10/16/17,195.8,198.048,193.24,197.93,14415958
10/17/17,197.09,198.9,196.35,197.75,11964867
10/18/17,198.11,198.14,193.32,197.58,14182907
10/19/17,194.44,198,192.4501,197.8,14269253
10/20/17,198.49,199.59,196.54,196.9,11290462
10/23/17,197.78,198.85,195.8,196.62,10717376
10/24/17,196.99,198.75,195.94,198.68,10181132
10/25/17,197.08,199.22,191.17,193.66,20704030
10/26/17,194.78,196.16,193.81,195.69,8068563
10/27/17,197.8,201.87,196.75,201.86,14304835
10/30/17,201.86,206.0899,201.22,203.84,12601417
10/31/17,205.13,207.89,204.9,206.81,10297707
11/1/17,209.35,209.97,204.6,207.2,12564446
11/2/17,206,207.81,203.65,205.94,8557738
11/3/17,207.2,208.69,205.341,208.69,8841024
11/6/17,207.2,209.98,206.7,209.63,9748616
11/7/17,210.55,212.9,210.0556,212.03,10692542
11/8/17,211.85,212,207.2401,209.16,12911093
11/9/17,205.27,206.33,200.37,205.32,23432127
11/10/17,213.08,218.67,211.63,216.14,31331374
11/13/17,216.14,217.17,212.01,212.63,14559413
11/14/17,213,214.8,211.23,214.18,13232319
11/15/17,211.95,212,207.8,209.98,12548731
11/16/17,212.98,214.2,211.25,211.61,11044183
11/17/17,213.92,215.35,210.75,211.36,12891568
11/20/17,211.99,214.57,210.5,214.08,9902511
11/21/17,215.69,216.52,214.4,216.05,9979358
11/22/17,217,217,213.61,214.93,8915998
11/24/17,215.59,217,214.6,216.96,4518800
11/27/17,217.31,217.36,214.01,214.14,10572364
11/28/17,214.35,214.73,208.24,210.71,12818804
11/29/17,210.01,210.1226,191.23,196.42,34919741
11/30/17,199.2,202.68,196.65,200.71,20594199
12/1/17,199.31,200.13,192.47,197.68,20288748
12/4/17,200.05,200.3,184.5,186.66,31021123
12/5/17,182.4,192.7,180.58,187.74,24537194
12/6/17,185.7,190.14,184.84,189.26,11675760
12/7/17,191.96,193.6,190.12,191.99,13564988
12/8/17,194.01,194.78,191.15,191.49,11671856
12/11/17,192.06,194.78,191.42,194.66,9318741
12/12/17,192.9,193.84,189.89,190.84,11375445
12/13/17,192.5,192.55,185.88,186.18,13856992
12/14/17,185.92,189.34,184.6,186.47,10954056
12/15/17,188.251,192.38,185.62,191.56,16750878
12/18/17,193.2,198.02,192,197.9,11942558
12/19/17,197.52,197.73,194.96,196.11,9327493
12/20/17,197.7,198.07,194.55,196.8,7220456
12/21/17,196.94,197.95,195.55,195.89,7522626
12/22/17,194.4,195.65,191.25,195.27,11656871
12/26/17,193.03,197.75,191.82,197.44,8877033
12/27/17,196.9,199.97,196.31,197.17,8237223
12/28/17,198.13,199.38,197.1514,197.4,6006248
12/29/17,198.46,198.46,193.5,193.5,6999116
1/2/18,195.78,199.5,194.5,199.35,8890417
1/3/18,204.1,213.7,203.75,212.47,22867591
1/4/18,215.76,218.05,212.69,213.59,14581720
1/5/18,214.19,216.91,211.08,215.4,14503103
1/8/18,220.4,225,218.58,222,22030422
1/9/18,222.22,223.82,218.64,221.94,12424995
1/10/18,218.2,223.82,216,223.68,14566626
1/11/18,225,226.27,223.21,224.08,10150767
1/12/18,223.6,224.99,221.34,222.98,8997902
1/16/18,224.05,227.51,216.69,220.11,17558687
1/17/18,220.7,225.12,216.9,224.72,13460222
1/18/18,223.94,226.64,222.68,224.44,10215841
1/19/18,228.09,231.09,227,230.11,15234486
1/22/18,230.43,233.76,228.1,233.69,13773561
1/23/18,235.85,239.83,235.101,238.91,11880705
1/24/18,239.04,240.4936,233.55,235.8,14499309
1/25/18,238,239.75,235.75,236.35,10247091
1/26/18,238.12,243.34,237.6,243.33,12908854
1/29/18,242.74,248.11,240.61,246.85,11377853
1/30/18,241.11,246.42,238.41,242.72,14270844
1/31/18,245.77,249.27,244.45,245.8,11964444
2/1/18,238.52,246.9,238.06,240.5,12980572
2/2/18,237,237.97,231.17,233.52,17961555
2/5/18,227,233.23,205,213.7,29130140
2/6/18,204.4,225.7,204,225.58,27870031
2/7/18,229.58,234.97,226.7,228.8,20073316
2/8/18,233.88,235.22,217.51,217.52,28599976
2/9/18,238.25,238.89,217.52,232.08,41865077
2/12/18,235.355,235.48,225.0305,228.03,27329342
2/13/18,226.56,234.5,225.25,232.63,15638119
2/14/18,231,242.5925,230.55,241.42,18624749
2/15/18,244.785,248.37,241.52,246.5,17472515
2/16/18,245.4,250,243.47,243.84,15941426
2/20/18,244.75,251.87,244.6,249.08,17155962
2/21/18,251.69,251.9675,241.36,241.51,22307344
2/22/18,242.73,245.63,239.5,242.15,13359133
2/23/18,244.57,245.93,242.5201,245.93,10382510
2/26/18,247.8,247.98,244.06,246.58,11732844
2/27/18,245.5,248.91,245.13,246.06,11385899
2/28/18,246.5,248.1,241.53,242,13077878
3/1/18,241.91,244.09,228.1248,232.21,26002972
3/2/18,227.86,236.8,221.85,236.54,22835685
3/5/18,234.51,237.25,229.521,235.65,15519413
3/6/18,239.1,242.94,237.36,242.16,15920243
3/7/18,238,243.95,237.95,241.84,14530226
3/8/18,242.95,242.95,239.3907,241.18,10297761
3/9/18,243.1,245.85,242.4501,245.33,12638148
3/12/18,247,253,246.6723,249.76,15126541
3/13/18,251.49,254.5,246.04,247.71,15494309
3/14/18,249.45,250.55,246.22,248.74,12637361
3/15/18,249.29,252.62,247.64,249.34,10048837
3/16/18,250,251.25,248.48,250.48,9986432
3/19/18,248.18,249.35,237,241,17844338
3/20/18,241.12,251.15,241.12,249.58,13867409
3/21/18,249.32,252,247.33,248.56,10967216
3/22/18,246,247.88,240.341,241.85,13779919
3/23/18,242.4,242.67,232.52,232.97,18390461
3/26/18,238,244.53,235.9,244.48,15285640
3/27/18,247.75,250,219.845,225.52,35225012
3/28/18,224.13,229.39,217,221.35,23647648
3/29/18,224.105,235.5,220.7002,231.59,22915692
4/2/18,228.74,234.65,217.5,221.05,23052315
4/3/18,227.8,230.35,221.35,225.35,16685759
4/4/18,215.01,226.6606,214,226.24,19729161
4/5/18,228.6,229.13,218.49,221.38,17530973
4/6/18,217.23,221.6,213.0735,214.25,16574720
4/9/18,216.8,221.97,214.6,215.41,12488120
4/10/18,224.72,229,222.41,227.91,19118807
4/11/18,227.31,228.976,224.921,226.24,11506057
4/12/18,230,235.32,228.2149,234.6,14847950
4/13/18,237.17,237.51,229.55,231.5,12575892
4/16/18,231.772,232.84,227.68,231.49,8769776
4/17/18,233.6,238.4,231.35,237.54,11180638
4/18/18,235.5,239.25,232.77,236.37,9784058
4/19/18,231.7452,233.1,226.8,229.04,11799933
4/20/18,228.69,232.1,227.45,228.71,9654966
4/23/18,229.43,231.5,222.83,223.88,10687723
4/24/18,224.92,228.8,218.56,221.2,10364894
4/25/18,220,221.575,210.3,216.66,14712343
4/26/18,223.2,225.55,220.53,225.22,9395574
4/27/18,229.5,230.3,224.62,226.33,10021245
4/30/18,226.99,229,224.12,224.9,8196067
5/1/18,224.57,227.25,222.2,227.14,6344727
5/2/18,227,228.8,225.25,226.31,6706185
5/3/18,227.6,234.05,225.77,232.99,11078640
5/4/18,231.83,239.1889,231.13,239.06,10016538
5/7/18,243.2947,250.99,242.89,248.68,17190378
5/8/18,248.69,250.51,246.71,250.4,12665374
5/9/18,251.21,255.87,250.11,255.78,14918980
5/10/18,257.92,260.5,257.2,260.13,24852029
5/11/18,252.78,259.79,250.54,254.53,30361406
5/14/18,256.07,258.49,254.4,255.36,13078477
5/15/18,252.79,252.9,241.5,245.56,24088210
5/16/18,244,248.52,242.51,246.01,13845706
5/17/18,246.084,251.5,245.43,247.71,12994605
5/18/18,249.81,252.37,245.74,245.94,12092942
5/21/18,249.88,250.03,240.49,244.24,16015620
5/22/18,244.78,245.7999,240.25,242.7,12956637
5/23/18,240.28,247.59,240.25,247.54,11073926
5/24/18,247.39,249.4,245.241,247.69,10934295
5/25/18,248.2,249.94,246.76,249.28,7302782
5/29/18,248.55,251.34,246.7,248.59,8817083
5/30/18,249.95,253.34,248.9515,252.99,9774864
5/31/18,251.7,255.2,251.27,252.19,12346709
6/1/18,254,257.87,253.65,257.62,10549248
6/4/18,259,265.74,257.7,264.85,16050641
6/5/18,264.98,266.59,263.17,265.07,9792801
6/6/18,261.43,265.28,260.77,265.15,9283856
6/7/18,265,265.4785,259.25,262.9,9236216
6/8/18,259.96,264,259.2,262.28,9011443
6/11/18,261.77,263.45,260.1,260.62,6634253
6/12/18,261.69,263.07,259.66,262.58,7978985
6/13/18,262.64,265.67,262.031,262.4,8455159
6/14/18,264.22,269.2,263.62,266.91,10750411
6/15/18,264.6,267.48,263.3484,265.26,10806488
6/18/18,263.48,265.8,262.38,265.09,8906674
6/19/18,260.92,263.64,255.02,260.17,14873324
6/20/18,261.832,264.45,260.2808,262.31,9244494
6/21/18,263.6,264.34,256.8,257.11,8987906
6/22/18,257.95,258.49,250.3301,250.95,10853954
6/25/18,246.65,246.8,235.54,239.12,16645431
6/26/18,243.7,245.65,239.9101,241.99,11972137
6/27/18,243.75,246.43,235.5,235.72,11347303
6/28/18,235.32,241.34,235.01,240.86,8450297
6/29/18,243.49,244,236.85,236.9,9807477
7/2/18,234.09,242.39,233.2649,242.24,8839740
7/3/18,243.64,243.88,236.5,236.84,5568325
7/5/18,239.07,242.93,237.5,242.73,7655448
7/6/18,241.74,247.665,240.88,247.33,7408822
7/9/18,250.3297,250.72,246.0707,249.25,7597022
7/10/18,249.75,254.14,248.12,253.25,9000390
7/11/18,249.5,250.9,247.1,247.53,9187660
7/12/18,249.36,253.17,248.96,251.23,8637673
7/13/18,251.98,251.98,247.62,249.32,6179078
7/16/18,248.2,250.34,247.7,248.2,4925926
7/17/18,246.21,254.3,245.18,253.69,9053395
7/18/18,253.39,253.95,249.64,251.7,6941041
7/19/18,250.94,253.39,250.33,252.03,5893783
7/20/18,251.93,253.5,250.45,250.89,5562161
7/23/18,249.82,249.89,243.28,249.41,7539621
7/24/18,251.35,254.85,248,248.71,8865545
7/25/18,249.09,252.38,246.75,251.87,8004551
7/26/18,251.06,256.33,250.38,254.84,8128128
7/27/18,256.32,256.6,249.84,252.02,7385535
7/30/18,252.59,252.83,242.72,244.13,8508539
7/31/18,243.71,247.88,242.1411,244.86,7099696
8/1/18,246.13,248.3599,243.886,246.47,7088889
8/2/18,243.59,250.78,241.21,250.62,6741689
8/3/18,251.61,253.06,250.93,252.1,5357202
8/6/18,251.59,254.17,249.7059,254.03,5187665
8/7/18,256,257.7,254.9201,256.95,6453260
8/8/18,257,260.24,255.59,258.42,6552462
8/9/18,259.14,259.25,256.15,256.46,5106962
8/10/18,253.15,256.1,252.7,254.79,6415668
8/13/18,255.14,261,255.07,256.12,9380158
8/14/18,260.38,262,257.02,261.43,11655486
8/15/18,262.27,263.639,255.9,259.08,14778394
8/16/18,261.9,262,255.01,257.44,20031476
8/17/18,252.94,252.97,243.73,244.82,28579694
8/20/18,243.18,253.2,238.72,247.84,21359655
8/21/18,248.5,253.5,247.7,253.32,16849710
8/22/18,252,263.02,251.86,262.82,18746422
8/23/18,261.26,269.48,260.7012,266.84,18017114
8/24/18,267.18,272.81,267,272.22,13287762
8/27/18,273.42,278.9,272.145,275.9,12644437
8/28/18,275.66,276.58,269.53,274.38,11884595
8/29/18,273.92,279.5,273.08,278.49,10502741
8/30/18,277.23,281.717,276.32,277.81,8665230
8/31/18,277,281.2,276.6,280.68,7664750
9/4/18,280.15,285.22,279,283.7,9793027
9/5/18,282.99,284.42,275.15,278.42,9828919
9/6/18,277.76,277.86,271.391,272.72,8069889
9/7/18,269,276.93,267.19,271.86,7385468
9/10/18,272.77,275.93,271,274.73,5503457
9/11/18,272.86,276.3999,272.02,272.8,6077818
9/12/18,271.19,271.98,261.92,268.2,10477259
9/13/18,270.86,275,270.161,271.34,7638387
9/14/18,274.99,279.1,273.5,276.43,9673380
9/17/18,275.4019,277.38,273.15,273.93,5138189
9/18/18,274.09,278.24,270.75,271.02,7488023
9/19/18,270.2725,272.699,268.25,271.98,5621465
9/20/18,267.05,268.76,264.1,266.28,10764569
9/21/18,266.76,268.6,262.11,263.45,10878157
9/24/18,262.2,265.84,258.68,265.7,7347826
9/25/18,268.37,269.42,264.91,268.41,7009746
9/26/18,268.61,270.24,266.28,266.92,6713688
9/27/18,268.34,269.2,266.1295,267.4,5360717
9/28/18,272.73,281.9152,271.6,281.02,17734914
10/1/18,284.16,292.06,282.6,289.36,15551453
10/2/18,288.25,292.76,285.58,286.48,9599118
10/3/18,289.32,289.62,282.53,286.73,8013769
10/4/18,285.27,286.25,276.18,279.29,9780489
10/5/18,278.29,280.8,267.54,269.86,10665861
10/8/18,266.5,271.16,260.08,265.77,10215265
10/9/18,264.94,268.76,262.8,265.54,6837493
10/10/18,261.26,263.11,245.6,245.69,17123454
10/11/18,242.17,247.56,234.261,235.13,18135929
10/12/18,245.5066,249.5412,239.65,246.54,15205917
10/15/18,246,246,235.34,235.38,11244032
10/16/18,239.93,246.28,237.94,245.83,10217795
10/17/18,248.34,249.88,241.08,243.06,8241701
10/18/18,245.86,247.41,237.09,239.53,13100548
10/19/18,241.76,242.55,227.7,229.17,15340249
10/22/18,231.28,235.32,227.07,231.22,9221091
10/23/18,220.43,224.19,216.71,221.06,15660945
10/24/18,219.51,221.39,198.85,199.41,22107199
10/25/18,195.47,209.75,193.6815,207.84,23793040
10/26/18,198.31,204.842,193.12,198.29,16619628
10/29/18,203.99,204.13,176.01,185.62,18950441
10/30/18,186.55,203.4,185.62,203,20179768
10/31/18,209.65,212.59,204.01,210.83,18644304
11/1/18,212.3,218.49,207.19,218.11,14163208
11/2/18,217.73,222,210.2108,214.92,11324002
11/5/18,214.39,215.33,205.28,211.77,9483260
11/6/18,211.45,214.85,209.5648,211.06,7475259
11/7/18,213.75,217.41,211.18,213.79,12095301
11/8/18,211.4,211.43,203.83,205.99,12783823
11/9/18,202.4,209.32,201.04,205.67,10331049
11/12/18,201.98,202.87,188.66,189.54,15427947
11/13/18,193.49,204.21,193.2369,199.31,16117775
11/14/18,206.3,206.88,192.8302,197.19,13164471
11/15/18,196.95,205.3,195.5,202.39,21017716
11/16/18,163.32,170.66,161.61,164.43,49087977
11/19/18,161.79,161.82,144.63,144.7,42445505
11/20/18,134.06,154.26,133.31,149.08,42300828
11/21/18,154.62,155.3,143.61,144.71,25637350
11/23/18,143.31,149.59,142.7892,145,10299211
11/26/18,149.89,153.47,146.56,153.05,20370806
11/27/18,152,157.01,150.55,153.73,18451506
11/28/18,158.48,160.28,153.125,160.07,20113137
11/29/18,160,161.5,156.14,157.36,13729340
11/30/18,157.75,163.8599,155.72,163.43,18239114
12/3/18,172.6,174.68,167.34,170.04,22270109
12/4/18,168.24,168.44,156.5,157.11,20302787
12/6/18,151.44,158.492,150.81,158.29,17307741
12/7/18,158.46,158.87,145.616,147.61,17041949
12/10/18,145.8,152.8599,145.65,151.86,15736835
12/11/18,155.56,155.89,145,148.19,16797832
12/12/18,148.42,152.78,144.82,148.9,16353398
12/13/18,150.79,153.38,147.44,148.89,11784624
12/14/18,147.21,150.59,145.5,146.45,11795531
12/17/18,145.24,148.15,141.24,143.58,16571683
12/18/18,145.35,150.33,144.25,146.94,14109251
12/19/18,145.58,147.7445,136.43,138.51,18634147
12/20/18,138.17,141.8,132.688,135.1,18739697
12/21/18,136.17,137.5,128.46,129.57,20453711
12/24/18,126.49,129.9799,124.5,127.08,11595978
12/26/18,128.94,133.14,124.46,133.1,17377484
12/27/18,130.99,132.38,125.18,131.17,15926080
12/28/18,132,137.39,130.31,133.65,15712319
12/31/18,135.4,136.71,132.26,133.5,11628503
1/2/19,130.64,138.48,130.05,136.22,12718840
1/3/19,133.79,135.16,127.6932,127.99,17638786
1/4/19,130.94,137.73,129.7,136.19,14640483
1/7/19,138.5,144.89,136.43,143.4,17728980
1/8/19,146.69,146.78,136.9,139.83,19650429
1/9/19,141.9,144.49,139.86,142.58,15431475
1/10/19,141.8,145.58,139.36,145.23,13078906
1/11/19,144.33,149.75,143.21,148.83,21869066
1/14/19,146.72,151.46,145.77,150.44,18254249
1/15/19,151.76,153.35,149.13,149.87,15425251
1/16/19,150.97,152.3,148.615,148.84,11752592
1/17/19,147.51,153.33,146.41,151.72,12335905
1/18/19,153.73,157.98,151.65,156.93,16283423
1/22/19,155.71,156.18,147.5507,148.77,16538776
1/23/19,151,154.58,148.03,149.29,14775545
1/24/19,152.7,158.55,152.51,157.84,17724261
1/25/19,155.44,160.88,151.3,160.15,28880547
1/28/19,136.55,141.64,131,138.01,62788169
1/29/19,136.15,138.1,131.01,131.6,28848347
1/30/19,134.67,137.97,131.46,137.39,24355739
1/31/19,137.26,145.19,136.3832,143.75,21071338
2/1/19,144.5,146.79,142.58,144.73,15626175
2/4/19,145.37,150.68,144.48,149.18,13215018
2/5/19,149.66,151.43,148.3,149.95,13560625
2/6/19,151.29,155.6,151.07,153,17561647
2/7/19,151.128,151.22,145.69,147.42,15928000
2/8/19,144.71,148.6,144.13,148.17,11540137
2/11/19,146.39,148.58,144.5,146.45,12379515
2/12/19,148,151.8,147.42,151.17,14776513
2/13/19,152.36,155.83,151.81,152.88,15134302
2/14/19,152.84,155.665,151.1,154.53,20681574
2/15/19,162.95,163.87,156.42,157.34,37918734
2/19/19,156.91,159.89,156.14,156.64,13797316
2/20/19,157.82,161.26,157.37,158.55,13524737
2/21/19,159.06,160.05,155.18,155.77,11213668
2/22/19,157.86,159.95,157.31,159.19,10043531
2/25/19,162.56,165.28,158.34,158.69,16400481
2/26/19,158.5,160.76,155.75,157.1,12211571
2/27/19,156.52,157.59,153.11,155.41,12506381
2/28/19,155,155.9,153.36,154.26,8123565
3/1/19,156.27,158.1489,153.92,156.45,8929678
3/4/19,158,158.92,154.5,156.78,10249750
3/5/19,156.15,158.0571,153.96,156.52,9073119
3/6/19,156.16,156.5,151.94,152.05,10088149
3/7/19,151.1,151.49,147.4001,149.26,11252633
3/8/19,145.66,151.07,144.8,150.64,10560371
3/11/19,151.59,162.06,149.69,161.14,21493150
3/12/19,162.26,164.39,159.19,162.52,14489368
3/13/19,164.03,169.8,163.73,168.62,19222518
3/14/19,168.99,169.47,165.25,165.56,12855435
3/15/19,167.3,171.53,167.16,169.81,16536482
3/18/19,171.08,173.25,167.8577,168.95,12174829
3/19/19,172.76,177.5,172.08,175.71,21374310
3/20/19,176.88,179.03,173,174.4,17978715
3/21/19,175.33,185,175.13,183.94,19557895
3/22/19,182.84,184.7997,176.94,177.5,18691087
3/25/19,175.86,178.45,171.11,173.78,13130301
3/26/19,179.489,181.75,174.5969,176.87,17587678
3/27/19,177.9,179.77,173.7,176.5,11859294
3/28/19,177.55,179.9,175.11,177.25,12006602
3/29/19,179.94,180.54,177.91,179.56,11422379
4/1/19,183.26,183.5,180.3745,182.28,12095612
4/2/19,183.25,184.7887,181.52,183,11022996
4/3/19,185,191,184.8,188.62,19719468
4/4/19,188,189.97,185.73,188.26,11434419
4/5/19,190,191.65,188.53,190.95,12043649
4/8/19,189.72,192.8,188.75,191.79,10604848
4/9/19,190.44,190.89,187.56,189.26,10999320
4/10/19,189.23,193.14,189.05,192.1,11119307
4/11/19,192.2,193.47,189.55,191.54,9365037
4/12/19,193.1,193.26,189.66,190.01,10502730
4/15/19,189.7,189.9,183.1,184.7,11002345
4/16/19,186.28,188.97,184.9641,188.21,9874091
4/17/19,189.62,190.46,186.39,187.29,8775068
4/18/19,187.56,188.93,185.18,186.3,9524704
4/22/19,185.35,189.1,184.08,188.47,6998388
4/23/19,189,191.93,188.61,190.67,8671381
4/24/19,191.09,192.81,188.64,191.17,7955120
4/25/19,189.55,190.45,183.7,186.91,12482437
4/26/19,180.71,180.8876,173.3,178.09,21724729
4/29/19,178.41,180.45,175.5,179.33,9797983
4/30/19,178.03,182.03,177.26,181,9073040
5/1/19,183.11,184.81,180.46,180.47,8857031
5/2/19,180.86,184.87,179.115,183.19,9867135
5/3/19,183.53,183.93,180.53,183.01,8420587
5/6/19,175.5,180.34,174,179.85,10554445
5/7/19,177.9,177.9,171.17,173.11,13880458
5/8/19,172,177.15,171.52,173.92,10479154
5/9/19,171.14,171.53,165.4,170.19,16506164
5/10/19,168.95,171.59,164,168.82,14237451
5/13/19,163.5,164.43,157.81,158.45,16422819
5/14/19,160.05,163.46,158.4904,162.04,13121972
5/15/19,159.8,161.05,157.41,159.58,12558001
5/16/19,159.36,161.905,157.65,160.19,19527204
5/17/19,158.5,163.71,154.94,156.53,25551698
5/20/19,152.55,154.77,150.75,151.75,14301634
5/21/19,154.2,155.7,152.64,155.06,9046247
5/22/19,153.5,154.55,151.76,152.2,8146740
5/23/19,149.69,149.69,144.9112,147.32,14796109
5/24/19,148.08,149.5,144.88,145.15,8939632
5/28/19,145.86,147.18,143.25,143.33,10708852
5/29/19,141.41,142.82,138.94,140.34,13995037
5/30/19,140.31,141.7499,137.57,139.11,9857490
5/31/19,137.14,138.4491,135.39,135.46,9742992
6/3/19,135.91,137.47,132.6,133.78,11966080
6/4/19,136.36,143.21,135.4675,143,16045885
6/5/19,145.97,146.19,139.82,141.28,12790385
6/6/19,141.45,144.77,141.35,143.78,10203462
6/7/19,144.02,146.88,143.25,145.5,8721438
6/10/19,147.76,151.19,147.76,148.43,10069522
6/11/19,150.84,152.36,149.16,150.75,9596751
6/12/19,149,149.25,145.59,146.2,8972298
6/13/19,147.09,149,146.38,148.26,7702027
6/14/19,144.51,145.49,142.836,144.64,9860656
6/17/19,144.57,146.5206,143.65,145.03,6901037
6/18/19,147.5,155.11,147.06,152.88,14547950
6/19/19,154.3,154.7568,152.0738,153.12,8291099
6/20/19,156.77,157.33,153.5178,154.1,8754182
6/21/19,153.5,155.48,151.5,151.76,10860672
6/24/19,152.62,153.85,150.72,152.66,7073718
6/25/19,152.86,155.88,151.37,151.48,7796661
6/26/19,156.61,161.72,156.09,159.26,14601825
6/27/19,162.71,164,161.26,163.23,11136038
6/28/19,165,165.37,162.35,164.23,9941659
7/1/19,172.57,173.95,164.66,166.17,17788327
7/2/19,165.5,166.3493,161.7,162.23,10005688
7/3/19,163.17,163.4,160.3415,162.75,6165856
7/5/19,160.4,160.58,157.68,160.23,9913847
7/8/19,157.83,158.59,156,157.21,8244669
7/9/19,155.51,158.44,155,157.31,8571512
7/10/19,159.06,162.3689,158.5,160.06,11301899
7/11/19,163,167.92,161.5,166.28,17063964
7/12/19,167.4,170.47,167.4,167.61,12659816
7/15/19,168.46,169.1058,166.13,167.27,7245993
7/16/19,166.67,168.17,164.8425,167.08,8536098
7/17/19,167.15,169.99,165.974,169.71,8705107
7/18/19,170.125,172.71,167.85,170.18,11079474
7/19/19,171.72,171.98,168.2,168.44,8622395
7/22/19,169.3,171.84,169,171.32,7898498
7/23/19,172.9,175.74,172.27,175.66,10704414
7/24/19,177.4,178.89,174.34,178.66,9155937
7/25/19,176.99,177.5,172.44,173.38,9817453
7/26/19,174.47,176.95,174.47,175.07,6853997
7/29/19,174.78,175.4697,171.27,174.82,6204049
7/30/19,172.95,175.94,172.37,175.45,4944261
7/31/19,174.18,174.215,167.02,168.72,8985391
8/1/19,169.14,172.78,162.8204,164.92,10530314
8/2/19,161.19,163.98,159.28,161.19,10708732
8/5/19,153.8,153.85,148.9,150.79,14728936
8/6/19,153.8,155.63,150.43,152.35,9031767
8/7/19,149.9,154.37,149.2,153.89,9314045
8/8/19,156.21,158.31,153.9,158.26,7732472
8/9/19,156.61,156.75,152.15,154.18,8545418
8/12/19,152.08,154.18,150.57,151.45,6980012
8/13/19,151.39,157.9,149.8201,156.05,9012811
8/14/19,152.5035,152.95,148.3111,150.07,10497033
8/15/19,150.83,151.63,147.394,148.77,13861551
8/16/19,159.35,161.54,156.88,159.56,25384628
8/19/19,164.12,171.42,163.47,170.78,20408061
8/20/19,170.56,170.58,167.02,167.87,11588040
8/21/19,170.53,173.45,169.66,171.23,10697773
8/22/19,171.62,173.33,169.9045,171.48,7593918
8/23/19,168.4,170.59,161.64,162.44,14237433
8/26/19,165.61,166.58,163.91,165.45,7964854
8/27/19,166.99,167.1,160.62,161.8,7288739
8/28/19,160.58,163.34,159,161.22,6395703
8/29/19,164.9,168.3,164.76,167,8959326
8/30/19,168.86,170.86,166.78,167.51,7272712
9/3/19,164.58,165.91,163.252,164.17,7412770
9/4/19,166.61,169.06,166.61,168.76,5703009
9/5/19,172.865,179.99,172.8,179.74,17412125
9/6/19,178.8,181.09,177.12,178.65,9367652
9/9/19,179.9,183.98,179.84,180.5,10438133
9/10/19,179.18,184.25,178.79,183.18,8820305
9/11/19,183.77,186.27,182.6006,184.33,9037782
9/12/19,186.2,188.4,183.95,184.27,8196025
9/13/19,181.59,183.08,180.18,181.94,8114787
9/16/19,178.92,181.6,178.5,180.21,5795796
9/17/19,180.48,181.2356,178.61,181.07,5711828
9/18/19,180.79,181.42,176.5,179.98,6600942
9/19/19,180.22,180.96,176.5101,176.94,6408569
9/20/19,176.9,177.85,172.28,172.69,8931295
9/23/19,172.7,176.67,172.55,174.84,6395647
9/24/19,176.1,177.29,171.1,172.53,8031045
9/25/19,172.51,179.02,170.71,178.23,7827672
9/26/19,177.84,178.19,175.29,177.34,5945648
9/27/19,175.66,177.7,169.32,171.76,9148974
9/30/19,172.8,174.48,171.5401,174.07,4829977
10/1/19,175,181,173.81,174,9189150
10/2/19,173.12,173.6,170.13,173.04,7391544
10/3/19,173.22,181.56,172,181.31,11568265
10/4/19,181.4,183.15,178.78,181.97,6699005
10/7/19,184.58,188.34,184.23,184.33,12207839
10/8/19,180.64,180.64,176.5,177.23,11233566
10/9/19,180.32,182.7,179.1601,180.71,7697082
10/10/19,180.62,185.08,180.41,183.03,8187889
10/11/19,186.41,189.34,185.65,185.99,11271668
10/14/19,185.64,187.37,184.385,186.53,5258394
10/15/19,190.16,199.29,189.6,196.37,16699633
10/16/19,195,199.22,193.75,194.21,10818828
10/17/19,196,197.8143,192.1,194.29,6607924
10/18/19,194.31,195.62,187.5,190.49,7548039
10/21/19,192.96,196.55,192.2,196.01,6546711
10/22/19,198.3,202.53,195.3,195.61,8434228
10/23/19,192.31,195.66,191.03,195.09,7144250
10/24/19,196.75,198.21,195.38,196.86,5975933
10/25/19,200.1,205.3804,199.79,204.54,10577288
10/28/19,206.3,208.9,205.1168,206.79,8269791
10/29/19,206.23,206.49,202.14,202.92,5280920
10/30/19,204,204.23,200.26,203,5149038
10/31/19,202.16,203,197.81,201.02,5243315
11/1/19,199.6,203.89,198.5925,202.59,6880500
11/4/19,205.85,211,204.9203,210.5,9417905
11/5/19,210.49,211.54,207.68,209.61,7521712
11/6/19,208.64,209.67,204.11,207.63,6725335
11/7/19,211.106,211.7,206.54,208.34,6972447
11/8/19,207.66,209.05,206.15,207.78,4735187
11/11/19,207.75,209.11,204.2801,208.18,6094736
11/12/19,209.72,211.86,208.31,209.61,7095971
11/13/19,208.35,209.46,205.9,208.57,7559124
11/14/19,208.93,209.88,206.516,209.79,13175171
11/15/19,209.7,211.7799,200.6377,204.19,26355409
11/18/19,203.89,213.35,203.77,212.28,14382963
11/19/19,211.032,211.98,205.65,207.99,10384506
11/20/19,207.07,214.55,206.5643,211.18,11825438
11/21/19,211,213.24,209.31,210.18,7209730
11/22/19,211.09,212.9633,209.94,210.89,5602470
11/25/19,216.04,221.41,215.52,221.21,12683686
11/26/19,220.5,220.6897,216.74,217,9642023
11/27/19,218.67,220.05,217.18,218.24,5410718
11/29/19,217,218.14,215.78,216.74,3538924