Date,TSM_open,TSM_high,TSM_low,TSM_close,TSM_volume
1/3/12,13.11,13.35,13.06,13.26,8910500
1/4/12,13.15,13.21,13.04,13.14,7386600
1/5/12,13.19,13.28,13.14,13.26,10306100
1/6/12,13.27,13.27,13.09,13.15,7775800
1/9/12,13.15,13.39,13.13,13.38,7543100
1/10/12,13.53,13.82,13.46,13.77,15501300
1/11/12,13.61,13.7,13.58,13.66,11564800
1/12/12,13.7,13.98,13.7,13.83,12716100
1/13/12,13.76,13.8,13.59,13.75,9564100
1/17/12,13.71,13.74,13.42,13.46,13523900
1/18/12,13.62,13.94,13.62,13.83,14004200
1/19/12,13.88,14.27,13.87,14.26,14215100
1/20/12,14.2,14.26,13.95,13.97,14399700
1/23/12,14.02,14.15,13.88,14.01,9998400
1/24/12,13.89,14.04,13.85,13.93,9240200
1/25/12,14.02,14.17,13.9,14.16,9296200
1/26/12,14.22,14.43,14.18,14.23,13756900
1/27/12,14.05,14.19,13.99,14.11,11038700
1/30/12,14.07,14.07,13.85,13.98,9843400
1/31/12,14.12,14.19,13.99,14.08,7117600
2/1/12,14.1,14.27,14.1,14.19,9918300
2/2/12,14.19,14.22,13.9,13.91,11380900
2/3/12,13.81,14.06,13.8,14.05,11174500
2/6/12,14.01,14.04,13.9,13.99,9070400
2/7/12,13.94,14.14,13.88,14.05,6824400
2/8/12,14.04,14.26,14.02,14.19,6962600
2/9/12,14.2,14.32,14.07,14.28,9101100
2/10/12,14.08,14.09,13.79,13.84,8965700
2/13/12,14.09,14.16,13.99,14.11,13300700
2/14/12,14.05,14.2,14.04,14.18,10985800
2/15/12,14.3,14.46,14.25,14.32,12026600
2/16/12,14.32,14.58,14.3,14.53,7762500
2/17/12,14.63,14.77,14.55,14.62,7889600
2/21/12,14.58,14.67,14.33,14.38,9565000
2/22/12,14.41,14.5,14.3,14.48,7314500
2/23/12,14.33,14.33,14.1,14.14,9306400
2/24/12,14.2,14.4,14.2,14.37,7352500
2/27/12,14.29,14.45,14.18,14.39,5314700
2/28/12,14.45,14.69,14.45,14.69,7511800
2/29/12,14.74,14.8,14.49,14.52,10514800
3/1/12,14.65,14.68,14.43,14.64,6178400
3/2/12,14.54,14.64,14.49,14.59,6143400
3/5/12,14.43,14.51,14.23,14.33,6702200
3/6/12,14.23,14.34,14.1,14.16,7497600
3/7/12,14.27,14.45,14.21,14.4,9138800
3/8/12,14.5,14.62,14.46,14.61,5385700
3/9/12,14.65,14.67,14.51,14.6,5586600
3/12/12,14.6,14.6,14.34,14.4,7423400
3/13/12,14.6,14.87,14.55,14.87,6853900
3/14/12,14.93,15.11,14.8,14.81,6642900
3/15/12,14.93,15.02,14.8,14.94,7049200
3/16/12,14.89,14.93,14.76,14.79,5240700
3/19/12,15,15.27,14.86,15.16,7112900
3/20/12,15.07,15.08,14.84,14.94,5302400
3/21/12,15.31,15.43,15.14,15.21,7137700
3/22/12,15.04,15.17,14.98,15.03,6137600
3/23/12,15.17,15.17,14.96,14.99,6650100
3/26/12,14.99,15.4,14.98,15.38,9689000
3/27/12,15.43,15.51,15.35,15.37,5885600
3/28/12,15.28,15.39,15.12,15.18,10838900
3/29/12,15.03,15.1,14.96,15.08,7107500
3/30/12,15.2,15.41,15.14,15.28,7648300
4/2/12,15.27,15.52,15.13,15.4,7762700
4/3/12,15.41,15.49,15.17,15.22,8125600
4/4/12,15.09,15.14,14.84,15,6057300
4/5/12,15.03,15.31,14.99,15.24,8314700
4/9/12,14.99,15.1,14.84,14.86,8027100
4/10/12,14.86,14.99,14.6,14.62,11512600
4/11/12,14.77,14.89,14.77,14.79,6097900
4/12/12,14.84,15,14.83,14.92,7144700
4/13/12,15.06,15.23,14.95,15.1,9421500
4/16/12,15.26,15.33,15.04,15.1,6344600
4/17/12,15.15,15.25,15.01,15.21,11083600
4/18/12,15.17,15.36,14.98,15.28,6028300
4/19/12,15.35,15.45,15.14,15.25,7294800
4/20/12,15.35,15.37,15.05,15.11,6731400
4/23/12,14.89,14.93,14.74,14.89,7086600
4/24/12,14.96,15.06,14.79,14.86,9714900
4/25/12,15.04,15.04,14.86,14.91,10077400
4/26/12,15.25,15.94,15.15,15.82,19367100
4/27/12,15.77,16.15,15.65,16.15,15868000
4/30/12,16.07,16.07,15.58,15.58,14862000
5/1/12,15.61,15.75,15.52,15.53,9316000
5/2/12,15.66,16.129999,15.55,16.1,13476100
5/3/12,16.040001,16.110001,15.66,15.7,9513700
5/4/12,15.7,15.72,15.44,15.44,9666400
5/7/12,15.31,15.5,15.24,15.42,8319800
5/8/12,15.22,15.33,14.88,15.16,13955300
5/9/12,15.04,15.3,14.98,15.13,11156700
5/10/12,15.34,15.45,15.16,15.39,7212800
5/11/12,15.2,15.53,15.2,15.39,7900500
5/14/12,15.14,15.27,15.08,15.08,8117100
5/15/12,15.15,15.17,14.74,14.79,16526100
5/16/12,14.89,15.01,14.71,14.92,14335800
5/17/12,14.82,14.93,14.67,14.7,11276300
5/18/12,14.64,14.82,14.28,14.28,12673100
5/21/12,14.38,14.49,14.34,14.42,18255500
5/22/12,14.39,14.52,14.31,14.4,13708400
5/23/12,14.02,14.12,13.86,14.08,12717800
5/24/12,14.15,14.21,13.9,13.96,10795800
5/25/12,13.93,14.1,13.9,13.98,6457500
5/29/12,14.26,14.34,14.05,14.15,13769800
5/30/12,13.96,13.99,13.81,13.93,10371800
5/31/12,13.99,14.04,13.66,13.73,23792400
6/1/12,13.4,13.43,13.04,13.06,20047900
6/4/12,13.07,13.18,12.87,13.02,13534100
6/5/12,13.06,13.27,13.03,13.21,12895100
6/6/12,13.2,13.52,13.13,13.5,12973900
6/7/12,13.64,13.71,13.49,13.54,11723700
6/8/12,13.29,13.59,13.22,13.46,9304500
6/11/12,13.78,13.89,13.37,13.41,10415400
6/12/12,13.45,13.75,13.41,13.7,17728000
6/13/12,13.7,13.7,13.51,13.55,11660300
6/14/12,13.47,13.58,13.3,13.47,12390800
6/15/12,13.45,13.69,13.44,13.67,6615300
6/18/12,13.7,13.97,13.59,13.96,12021400
6/19/12,13.95,14.16,13.88,14.11,13003500
6/20/12,14.07,14.2,14,14.13,5594700
6/21/12,13.99,14.04,13.53,13.58,12836500
6/22/12,13.72,13.89,13.68,13.83,8114800
6/25/12,13.63,13.69,13.35,13.38,14658900
6/26/12,13.39,13.47,13.18,13.31,15803600
6/27/12,13.49,13.65,13.4,13.54,11644700
6/28/12,13.44,13.52,13.32,13.44,11919300
6/29/12,13.82,14.08,13.76,13.96,12805700
7/2/12,14.22,14.27,14.02,14.27,10545300
7/3/12,14.35,14.44,14.28,14.44,5737000
7/5/12,13.7,13.86,13.55,13.65,12786000
7/6/12,13.55,13.59,13.38,13.5,14424300
7/9/12,13.42,13.54,13.38,13.5,10952700
7/10/12,13.36,13.52,13.24,13.28,16719300
7/11/12,13.25,13.27,13.07,13.15,18558000
7/12/12,12.87,12.96,12.74,12.8,12984200
7/13/12,12.82,12.98,12.76,12.89,8612900
7/16/12,12.79,12.84,12.63,12.67,13843600
7/17/12,12.69,12.74,12.52,12.69,11144900
7/18/12,12.59,13.18,12.59,13.14,19926600
7/19/12,13.4,13.42,12.86,12.86,20516300
7/20/12,12.92,12.92,12.63,12.65,24366500
7/23/12,12.34,12.8,12.14,12.78,24666900
7/24/12,12.66,12.92,12.61,12.91,18263200
7/25/12,12.87,13.15,12.85,13.01,19915700
7/26/12,13.12,13.43,13.12,13.36,19660800
7/27/12,13.49,13.76,13.47,13.68,13812600
7/30/12,13.53,13.66,13.33,13.49,9516300
7/31/12,13.62,14.03,13.62,13.97,18347900
8/1/12,13.88,13.95,13.47,13.88,24950500
8/2/12,13.75,13.99,13.6,13.87,21545800
8/3/12,14.11,14.2,13.99,14.18,10165300
8/6/12,14.17,14.36,14.12,14.24,13239500
8/7/12,14.21,14.35,14.15,14.17,11280600
8/8/12,14.1,14.15,14.04,14.09,10068400
8/9/12,14.16,14.47,14.16,14.33,8949000
8/10/12,14.26,14.5,14.26,14.49,12526400
8/13/12,14.4,14.5,14.24,14.31,8447200
8/14/12,14.45,14.54,14.37,14.4,7096300
8/15/12,14.28,14.54,14.28,14.42,6466100
8/16/12,14.52,14.53,14.4,14.45,9423100
8/17/12,14.34,14.43,14.33,14.4,8674200
8/20/12,14.39,14.52,14.32,14.5,9385100
8/21/12,14.58,14.77,14.55,14.65,14315400
8/22/12,14.5,14.56,14.35,14.4,7536500
8/23/12,14.45,14.49,14.25,14.33,7987500
8/24/12,14.34,14.44,14.17,14.37,7707100
8/27/12,14.45,14.48,14.29,14.38,6884900
8/28/12,14.33,14.4,14.27,14.31,5735000
8/29/12,14.29,14.41,14.24,14.35,5854000
8/30/12,14.29,14.34,14.21,14.25,7696200
8/31/12,14.41,14.72,14.35,14.7,11061400
9/4/12,14.64,14.7,14.32,14.38,10616400
9/5/12,14.27,14.35,14.15,14.18,9397900
9/6/12,14.3,14.5,14.19,14.41,12516400
9/7/12,14.46,14.64,14.42,14.51,7940500
9/10/12,14.57,14.8,14.54,14.7,11787400
9/11/12,14.73,15,14.72,14.92,9695100
9/12/12,14.99,15.03,14.89,14.97,9029500
9/13/12,14.95,15.06,14.72,15.03,11231800
9/14/12,15.24,15.64,15.17,15.36,9997300
9/17/12,15.25,15.26,14.99,14.99,7884100
9/18/12,15.14,15.15,14.94,15.09,9924700
9/19/12,15.12,15.17,14.98,15.04,8933500
9/20/12,14.87,14.95,14.74,14.8,8822200
9/21/12,15.01,15.04,14.8,14.8,9381100
9/24/12,14.79,14.87,14.74,14.83,8883700
9/25/12,14.87,14.95,14.75,14.8,13185500
9/26/12,14.8,15,14.8,14.99,14680700
9/27/12,15.16,15.62,15.16,15.6,22079700
9/28/12,15.6,15.83,15.58,15.82,18294000
10/1/12,15.73,15.94,15.7,15.9,19411300
10/2/12,15.98,16.059999,15.86,16,17701800
10/3/12,16.040001,16.049999,15.82,16.049999,13156700
10/4/12,16.040001,16.17,16,16.16,15213900
10/5/12,16.16,16.309999,16.030001,16.07,10687600
10/8/12,15.84,15.84,15.48,15.53,12827100
10/9/12,15.43,15.45,15.24,15.36,9900400
10/10/12,15.32,15.39,15.11,15.12,10169200
10/11/12,15.19,15.24,15,15.03,8288900
10/12/12,15.13,15.16,15.05,15.12,11019600
10/15/12,15.19,15.37,15.15,15.29,13756900
10/16/12,15.35,15.5,15.3,15.45,10332200
10/17/12,15.39,15.65,15.32,15.6,11422800
10/18/12,15.51,15.61,15.41,15.55,7576200
10/19/12,15.29,15.38,15.16,15.22,14543200
10/22/12,15.24,15.41,15.23,15.33,8037000
10/23/12,15.08,15.31,15.07,15.22,8265300
10/24/12,15.66,15.74,15.14,15.15,7975800
10/25/12,15.4,15.5,15.22,15.38,10750400
10/26/12,15.48,15.66,15.33,15.5,9848800
10/31/12,15.93,16,15.69,15.9,8240100
11/1/12,15.99,16.209999,15.85,16.110001,7898500
11/2/12,16.17,16.17,15.75,15.77,6977400
11/5/12,15.84,15.89,15.76,15.88,13086400
11/6/12,15.89,16.280001,15.88,16.200001,8769700
11/7/12,16.049999,16.23,15.97,16.17,16034300
11/8/12,16.200001,16.309999,16.120001,16.129999,9815600
11/9/12,16.200001,16.49,16.15,16.360001,12006600
11/12/12,16.48,16.59,16.42,16.450001,9216100
11/13/12,16.290001,16.379999,16.15,16.18,10552800
11/14/12,16.25,16.299999,15.86,15.92,12734000
11/15/12,16.049999,16.09,15.91,16.049999,6853600
11/16/12,16.09,16.27,15.9,16.190001,10454800
11/19/12,16.219999,16.34,16.1,16.34,6442400
11/20/12,16.200001,16.280001,16.040001,16.25,5566500
11/21/12,16.209999,16.33,16.17,16.26,4410400
11/23/12,16.799999,16.969999,16.75,16.84,9092900
11/26/12,16.85,16.85,16.540001,16.620001,11667800
11/27/12,16.870001,16.940001,16.75,16.83,12304300
11/28/12,16.75,16.92,16.67,16.9,9950200
11/29/12,17,17.200001,16.98,17.129999,7697000
11/30/12,17.35,17.469999,17.27,17.27,10360100
12/3/12,17.27,17.33,17.059999,17.08,5731000
12/4/12,17.040001,17.059999,16.74,16.75,14163100
12/5/12,16.950001,17.110001,16.879999,16.959999,11844700
12/6/12,16.98,17.049999,16.940001,17.049999,7265400
12/7/12,17.26,17.34,17,17.030001,12843700
12/10/12,16.959999,17.08,16.84,16.879999,8013500
12/11/12,17.139999,17.26,17.110001,17.190001,10565100
12/12/12,17.24,17.24,17.030001,17.059999,8601000
12/13/12,17.209999,17.370001,17.049999,17.110001,11060000
12/14/12,17.1,17.129999,16.91,16.950001,12329200
12/17/12,16.92,16.99,16.83,16.940001,10028800
12/18/12,16.860001,17.030001,16.76,16.98,9133700
12/19/12,17.02,17.200001,16.99,17.09,6620600
12/20/12,17.01,17.129999,16.950001,17.1,8313900
12/21/12,16.75,17.02,16.68,16.950001,8153700
12/24/12,16.91,17,16.84,16.93,1533500
12/26/12,16.950001,17.07,16.91,16.92,3234800
12/27/12,16.98,17.1,16.82,16.98,6257900
12/28/12,16.860001,17.200001,16.84,17.129999,6091600
12/31/12,17.02,17.209999,16.940001,17.16,5631600
1/2/13,17.76,18.120001,17.700001,18.1,10226100
1/3/13,18.27,18.299999,18.01,18.09,13148600
1/4/13,18.1,18.120001,17.92,17.959999,7464200
1/7/13,17.860001,17.860001,17.67,17.700001,9429900
1/8/13,17.709999,17.719999,17.5,17.540001,8112900
1/9/13,17.76,17.93,17.4,17.540001,12977400
1/10/13,17.809999,18.219999,17.690001,18.18,15772200
1/11/13,18.08,18.200001,17.92,18.15,12556600
1/14/13,18.16,18.200001,17.9,18.01,8392500
1/15/13,17.879999,17.940001,17.77,17.889999,12064700
1/16/13,17.76,17.85,17.75,17.799999,8976600
1/17/13,18.1,18.35,17.99,18.26,11372400
1/18/13,18.209999,18.209999,17.99,18.139999,12608400
1/22/13,18.1,18.16,17.99,18.16,11338900
1/23/13,18.15,18.309999,18.120001,18.27,9210500
1/24/13,18.040001,18.07,17.790001,17.809999,8766400
1/25/13,17.75,17.790001,17.57,17.75,9410300
1/28/13,17.700001,17.700001,17.51,17.52,13755500
1/29/13,17.77,17.870001,17.67,17.76,10022400
1/30/13,17.700001,17.85,17.620001,17.799999,8748500
1/31/13,17.790001,17.870001,17.73,17.74,10751300
2/1/13,17.889999,18.129999,17.870001,18.07,8979400
2/4/13,18.01,18.129999,17.879999,17.9,5769800
2/5/13,17.98,18.219999,17.969999,18.18,6314500
2/6/13,18.24,18.280001,17.99,18.040001,5810300
2/7/13,18.059999,18.360001,18.02,18.299999,8194200
2/8/13,18.23,18.48,18.219999,18.450001,9341100
2/11/13,18.440001,18.57,18.389999,18.48,4804300
2/12/13,18.4,18.530001,18.34,18.5,4868400
2/13/13,18.52,18.549999,18.35,18.41,6487300
2/14/13,18.43,18.58,18.370001,18.57,5087900
2/15/13,18.549999,18.6,18.49,18.530001,5266400
2/19/13,18.66,19.16,18.620001,19.15,11089400
2/20/13,19.190001,19.25,18.860001,18.889999,9250100
2/21/13,18.84,18.91,18.629999,18.690001,7048100
2/22/13,18.67,19,18.66,18.9,8572300
2/25/13,18.77,18.809999,18.25,18.25,11474200
2/26/13,18.059999,18.07,17.690001,17.809999,18927900
2/27/13,18,18.370001,17.99,18.18,15507300
2/28/13,18.309999,18.5,18.120001,18.25,9086700
3/1/13,18.17,18.35,18.07,18.25,8703200
3/4/13,17.889999,18.17,17.879999,18.139999,10449900
3/5/13,18.4,18.41,18.26,18.33,8628300
3/6/13,18.290001,18.43,18.08,18.120001,9243600
3/7/13,18.17,18.25,17.98,18.049999,12116900
3/8/13,18.17,18.190001,17.790001,17.91,9194700
3/11/13,17.870001,17.879999,17.700001,17.719999,8261800
3/12/13,17.799999,17.9,17.700001,17.73,6289800
3/13/13,18.01,18.049999,17.9,18,9987400
3/14/13,18.049999,18.15,17.860001,18.049999,7771400
3/15/13,17.870001,17.91,17.610001,17.639999,13988800
3/18/13,17.450001,17.450001,17.200001,17.24,13773100
3/19/13,17.209999,17.24,17,17.08,12270900
3/20/13,17.139999,17.33,17.1,17.25,10920000
3/21/13,17.110001,17.110001,16.870001,16.889999,8847800
3/22/13,16.91,17.09,16.879999,17.07,5857700
3/25/13,17.15,17.209999,16.93,16.950001,8533300
3/26/13,16.99,17.110001,16.950001,17.07,8555300
3/27/13,17.01,17.26,16.969999,17.17,10581000
3/28/13,17.110001,17.209999,17.030001,17.190001,11994500
4/1/13,17.209999,17.27,17.030001,17.08,10849200
4/2/13,17.129999,17.23,17.07,17.110001,10203600
4/3/13,17.09,17.120001,16.65,16.74,15742400
4/4/13,16.73,16.84,16.65,16.83,11240200
4/5/13,16.549999,16.780001,16.48,16.73,11192000
4/8/13,16.610001,16.860001,16.559999,16.84,9706100
4/9/13,16.67,17.07,16.67,16.950001,10358700
4/10/13,17.049999,17.25,16.959999,17.190001,12085500
4/11/13,17.34,17.52,17.209999,17.34,8494300
4/12/13,17.24,17.370001,17.1,17.309999,7375800
4/15/13,17.02,17.17,16.879999,16.889999,9138100
4/16/13,17.139999,17.290001,17.120001,17.24,9856000
4/17/13,17.1,17.17,16.99,17.08,21226100
4/18/13,18.139999,18.33,17.889999,17.940001,24337500
4/19/13,18.610001,18.98,18.549999,18.799999,21119200
4/22/13,18.629999,18.77,18.35,18.5,20376200
4/23/13,18.34,18.51,18.129999,18.280001,21663000
4/24/13,18.24,18.530001,18.209999,18.440001,10201900
4/25/13,18.5,18.690001,18.469999,18.690001,15245700
4/26/13,18.700001,18.809999,18.49,18.530001,7028200
4/29/13,18.639999,18.860001,18.620001,18.83,7825300
4/30/13,18.860001,19.209999,18.82,19.08,12088600
5/1/13,19.110001,19.17,19.030001,19.110001,8604300
5/2/13,19.129999,19.540001,19.129999,19.530001,11268200
5/3/13,19.4,19.58,19.4,19.41,9254600
5/6/13,19.49,19.629999,19.48,19.549999,5661100
5/7/13,19.620001,19.620001,19.370001,19.469999,8522800
5/8/13,19.799999,20.280001,19.719999,20.209999,14032800
5/9/13,20.120001,20.299999,20.1,20.209999,8912600
5/10/13,20.1,20.18,20,20.17,7955300
5/13/13,20.09,20.1,19.92,19.93,6519800
5/14/13,19.969999,20.049999,19.860001,19.889999,8539100
5/15/13,19.85,19.870001,19.76,19.799999,9222200
5/16/13,19.6,19.65,19.450001,19.450001,10411800
5/17/13,19.620001,19.620001,19.43,19.51,10542300
5/20/13,19.66,19.67,19.34,19.370001,8361000
5/21/13,19.379999,19.530001,19.18,19.23,12950200
5/22/13,19.200001,19.27,18.83,18.889999,12530800
5/23/13,18.549999,18.84,18.4,18.75,11028900
5/24/13,18.75,18.870001,18.65,18.860001,5303600
5/28/13,19.110001,19.219999,18.99,19.049999,9106200
5/29/13,19.02,19.299999,19.02,19.24,13092900
5/30/13,19.18,19.190001,18.959999,18.969999,8189600
5/31/13,18.92,18.92,18.629999,18.66,5732400
6/3/13,18.629999,18.73,18.59,18.709999,7736400
6/4/13,18.700001,19.030001,18.690001,18.940001,10672000
6/5/13,18.950001,18.969999,18.620001,18.66,6480800
6/6/13,18.65,18.74,18.5,18.6,6501100
6/7/13,18.82,18.85,18.65,18.690001,9081200
6/10/13,18.719999,18.940001,18.65,18.809999,7479600
6/11/13,18.639999,18.75,18.5,18.52,6397300
6/12/13,18.639999,18.719999,18.290001,18.360001,8052500
6/13/13,18.17,18.309999,17.99,18.27,10935400
6/14/13,18.27,18.33,17.9,17.99,12849000
6/17/13,18.219999,18.370001,18.030001,18.120001,9447900
6/18/13,18.24,18.440001,18.120001,18.43,5406300
6/19/13,18.299999,18.459999,17.99,17.99,8924900
6/20/13,17.68,17.700001,17.360001,17.41,12639600
6/21/13,17.6,17.610001,17.15,17.18,23104500
6/24/13,16.780001,17.07,16.610001,16.93,13192700
6/25/13,17.190001,17.57,17.139999,17.530001,11598600
6/26/13,17.549999,17.709999,17.49,17.639999,9187600
6/27/13,17.889999,18.120001,17.82,17.93,12208300
6/28/13,18.299999,18.41,18.200001,18.32,12464500
7/1/13,18.6,18.67,18.42,18.450001,11763500
7/2/13,18.65,18.85,18.48,18.5,12477200
7/3/13,18.02,18.16,17.93,18.120001,6647800
7/5/13,18.48,18.540001,18.16,18.209999,13475100
7/8/13,17.870001,17.92,17.57,17.6,12284200
7/9/13,17.860001,18.02,17.809999,17.84,9364200
7/10/13,17.969999,18.110001,17.809999,17.84,8103100
7/11/13,18.5,18.66,18.469999,18.540001,13715600
7/12/13,18.58,18.639999,18.309999,18.440001,8718400
7/15/13,18.34,18.49,18.309999,18.4,6033700
7/16/13,18.24,18.450001,18.24,18.43,5607100
7/17/13,18.43,18.639999,18.389999,18.450001,12115500
7/18/13,17.530001,17.559999,16.74,16.809999,43566600
7/19/13,16.42,16.52,15.89,16.49,24303600
7/22/13,16.52,16.65,16.440001,16.620001,18796700
7/23/13,16.969999,17.02,16.700001,16.74,14272700
7/24/13,17.07,17.219999,16.959999,17.02,17278700
7/25/13,17.1,17.190001,17.07,17.18,12460600
7/26/13,17.110001,17.139999,16.799999,16.9,14971300
7/29/13,16.85,16.860001,16.68,16.700001,5983600
7/30/13,17.02,17.129999,16.889999,16.969999,8600400
7/31/13,17.059999,17.110001,16.969999,16.98,10546900
8/1/13,17.040001,17.27,16.959999,17.25,15090600
8/2/13,17.049999,17.049999,16.76,16.799999,11401700
8/5/13,16.74,16.860001,16.610001,16.82,7301600
8/6/13,16.66,16.809999,16.57,16.59,13470400
8/7/13,16.4,16.4,16.110001,16.17,17069600
8/8/13,16.26,16.27,16.09,16.219999,10922600
8/9/13,16.15,16.27,16.129999,16.209999,10587800
8/12/13,16.17,16.23,15.97,16.049999,14971700
8/13/13,16.27,16.360001,16.110001,16.27,16817700
8/14/13,16.290001,16.299999,16.059999,16.059999,7870800
8/15/13,15.95,16.09,15.88,16,10792600
8/16/13,16.110001,16.209999,15.97,15.97,10987100
8/19/13,16,16.030001,15.81,15.81,6690600
8/20/13,15.85,15.98,15.81,15.83,10514800
8/21/13,15.77,15.92,15.7,15.75,10358700
8/22/13,15.88,16.120001,15.87,16.059999,8432900
8/23/13,16.190001,16.290001,16.139999,16.219999,7465700
8/26/13,16.18,16.42,16.16,16.26,7273500
8/27/13,16.07,16.16,15.94,15.98,8530100
8/28/13,16.17,16.299999,16.129999,16.26,6967400
8/29/13,16.459999,16.75,16.459999,16.67,9963200
8/30/13,16.790001,17.1,16.51,16.559999,11490100
9/3/13,17.059999,17.23,16.82,16.9,11182100
9/4/13,17,17,16.75,16.860001,13726500
9/5/13,16.959999,17.26,16.950001,17.18,7738300
9/6/13,17.23,17.290001,17,17.01,6338000
9/9/13,17.110001,17.34,17.09,17.299999,9635300
9/10/13,17.540001,17.540001,17.34,17.48,12162900
9/11/13,17.450001,17.52,17.4,17.440001,7063000
9/12/13,17.389999,17.48,17.219999,17.280001,5454000
9/13/13,17.26,17.34,17.219999,17.33,4095700
9/16/13,17.65,17.76,17.6,17.620001,7962200
9/17/13,17.799999,17.82,17.620001,17.68,5369100
9/18/13,17.48,17.77,17.35,17.610001,14262300
9/19/13,17.68,17.74,17.58,17.6,8842600
9/20/13,17.540001,17.610001,17.299999,17.309999,10964700
9/23/13,17.719999,17.75,17.530001,17.65,10653800
9/24/13,17.639999,17.690001,17.459999,17.559999,9132700
9/25/13,17.43,17.469999,17.25,17.32,8526900
9/26/13,17.27,17.33,17.15,17.32,4675400
9/27/13,17.25,17.26,17.030001,17.07,7682900
9/30/13,16.870001,17.120001,16.74,16.959999,10700100
10/1/13,17.1,17.43,17.09,17.42,9771900
10/2/13,17.4,17.49,17.200001,17.469999,7562800
10/3/13,17.77,17.85,17.52,17.700001,10645800
10/4/13,17.6,17.75,17.549999,17.68,4444200
10/7/13,17.6,17.76,17.48,17.620001,6451300
10/8/13,17.82,17.969999,17.450001,17.459999,10981400
10/9/13,17.65,17.67,17.15,17.26,16482600
10/10/13,17.43,17.67,17.42,17.67,10695500
10/11/13,17.9,18.120001,17.83,18.09,11789100
10/14/13,17.91,18.040001,17.85,18.01,6662100
10/15/13,18,18.23,17.969999,18.15,11212900
10/16/13,18.17,18.299999,18.139999,18.280001,15598100
10/17/13,18.25,18.709999,18.18,18.65,11722200
10/18/13,18.75,19.16,18.700001,19.08,18201700
10/21/13,18.950001,19.01,18.870001,18.98,9149900
10/22/13,19.059999,19.25,19.02,19.16,9070100
10/23/13,18.98,19,18.690001,18.719999,7310500
10/24/13,18.799999,18.83,18.58,18.68,10937800
10/25/13,18.379999,18.51,18.290001,18.469999,11326500
10/28/13,18.59,18.700001,18.549999,18.610001,4698300
10/29/13,18.690001,18.790001,18.59,18.77,6290000
10/30/13,18.75,18.91,18.48,18.58,6733800
10/31/13,18.59,18.67,18.35,18.41,11222600
11/1/13,18.530001,18.629999,18.4,18.469999,6402000
11/4/13,18.5,18.549999,18.26,18.34,8109000
11/5/13,18.129999,18.17,18.040001,18.08,9365500
11/6/13,18.08,18.309999,18.030001,18.27,9934100
11/7/13,18.34,18.35,18.1,18.129999,10357600
11/8/13,18,18.040001,17.870001,18.01,8990200
11/11/13,17.84,17.85,17.709999,17.73,6615000
11/12/13,17.66,17.809999,17.610001,17.809999,8571600
11/13/13,17.5,17.75,17.360001,17.610001,12877300
11/14/13,17.610001,17.65,17.48,17.5,10754400
11/15/13,17.629999,17.77,17.540001,17.66,12669700
11/18/13,17.719999,17.879999,17.67,17.700001,10210200
11/19/13,17.84,17.85,17.549999,17.57,8452000
11/20/13,17.48,17.68,17.43,17.549999,10457400
11/21/13,17.32,17.35,16.860001,17.02,19212800
11/22/13,16.99,17.190001,16.93,17.129999,15826400
11/25/13,17.18,17.25,17.129999,17.17,9930300
11/26/13,17.450001,17.549999,17.35,17.459999,14337100
11/27/13,17.66,17.719999,17.51,17.58,13181100
11/29/13,17.700001,17.790001,17.66,17.73,3991200
12/2/13,17.690001,17.75,17.360001,17.4,12010000
12/3/13,17.440001,17.700001,17.43,17.530001,10074800
12/4/13,17.469999,17.65,17.450001,17.540001,6448500
12/5/13,17.51,17.57,17.389999,17.4,9852400
12/6/13,17.52,17.639999,17.5,17.620001,6875100
12/9/13,17.700001,17.719999,17.469999,17.57,9100100
12/10/13,17.440001,17.49,17.32,17.370001,9872100
12/11/13,17.6,17.65,17.43,17.48,7899600
12/12/13,17.440001,17.48,17.09,17.120001,10866900
12/13/13,17.24,17.27,17.02,17.08,10409400
12/16/13,17.110001,17.24,17.1,17.110001,7179800
12/17/13,17.290001,17.299999,17.07,17.08,24563300
12/18/13,17.01,17.049999,16.68,17,16981600
12/19/13,16.969999,17.09,16.9,17.049999,8418300
12/20/13,16.93,17.139999,16.870001,16.99,7594000
12/23/13,17.129999,17.25,17.059999,17.139999,7667100
12/24/13,17.15,17.219999,17.08,17.190001,2766700
12/26/13,17.26,17.34,17.1,17.18,2839300
12/27/13,17.219999,17.280001,17.17,17.26,4619200
12/30/13,17.41,17.620001,17.41,17.58,7808000
12/31/13,17.469999,17.559999,17.389999,17.440001,7647200
1/2/14,17.389999,17.4,17.110001,17.15,6029100
1/3/14,17.08,17.16,16.92,16.950001,11362700
1/6/14,16.99,17.02,16.860001,16.9,10370200
1/7/14,16.9,16.98,16.83,16.91,13083100
1/8/14,17.059999,17.16,17.049999,17.09,13428900
1/9/14,16.969999,16.99,16.66,16.76,9422200
1/10/14,16.84,17.01,16.82,16.9,11148000
1/13/14,17.01,17.139999,16.9,16.91,10286100
1/14/14,17.059999,17.389999,17.040001,17.379999,13334500
1/15/14,17.48,17.700001,17.43,17.559999,15510900
1/16/14,17.91,18.18,17.889999,18.15,21768200
1/17/14,17.969999,17.969999,17.700001,17.77,14574800
1/21/14,17.77,17.83,17.620001,17.690001,8371500
1/22/14,17.77,17.98,17.719999,17.959999,12870700
1/23/14,17.799999,17.940001,17.610001,17.700001,8872200
1/24/14,17.719999,17.77,17.51,17.57,12403200
1/27/14,17.309999,17.32,17.02,17.15,11006600
1/28/14,17.190001,17.26,17.049999,17.16,7525700
1/29/14,17.120001,17.24,16.98,17.01,9378900
1/30/14,17.120001,17.26,17.1,17.139999,7230000
1/31/14,17,17.120001,16.870001,16.92,13590600
2/3/14,17.02,17.110001,16.68,16.77,14171700
2/4/14,16.77,16.870001,16.700001,16.74,12321900
2/5/14,16.620001,16.67,16.440001,16.459999,14334100
2/6/14,16.700001,16.99,16.700001,16.99,10142700
2/7/14,17.110001,17.27,17.08,17.16,9430700
2/10/14,17.139999,17.32,17.1,17.26,8003300
2/11/14,17.299999,17.450001,17.190001,17.389999,9631800
2/12/14,17.459999,17.5,17.32,17.379999,6962800
2/13/14,17.25,17.52,17.25,17.450001,6564600
2/14/14,17.610001,17.959999,17.6,17.889999,11269900
2/18/14,17.91,17.940001,17.68,17.790001,6412700
2/19/14,17.73,17.879999,17.610001,17.76,8702500
2/20/14,17.6,17.77,17.459999,17.690001,11836500
2/21/14,17.809999,17.870001,17.690001,17.74,6013200
2/24/14,17.709999,17.790001,17.65,17.690001,5499200
2/25/14,17.639999,17.719999,17.59,17.620001,5944700
2/26/14,17.639999,17.870001,17.620001,17.83,9376100
2/27/14,17.809999,18.01,17.790001,18.01,8659800
2/28/14,18.02,18.15,17.98,18.07,11279600
3/3/14,17.860001,18.08,17.77,18.030001,18168800
3/4/14,18.059999,18.129999,18.01,18.040001,12548700
3/5/14,18.33,18.42,18.26,18.389999,9863100
3/6/14,18.74,18.889999,18.67,18.870001,14240300
3/7/14,19.01,19.02,18.690001,18.77,14153200
3/10/14,18.700001,18.959999,18.67,18.959999,10652100
3/11/14,18.92,18.959999,18.690001,18.77,8748200
3/12/14,18.77,19.49,18.77,19.43,21260500
3/13/14,19.42,19.52,19.18,19.27,18414700
3/14/14,19.139999,19.290001,18.889999,18.9,13077400
3/17/14,19.040001,19.16,18.950001,19.110001,10786300
3/18/14,19.08,19.200001,19.040001,19.18,11987400
3/19/14,19.08,19.1,18.77,18.879999,10596800
3/20/14,18.549999,18.85,18.469999,18.85,13124200
3/21/14,18.780001,18.85,18.42,18.530001,12885000
3/24/14,18.610001,18.67,18.4,18.639999,7898200
3/25/14,18.790001,19.18,18.790001,19.120001,17129500
3/26/14,19.26,19.34,19.08,19.09,10597800
3/27/14,19,19.5,19,19.42,14222200
3/28/14,19.450001,19.9,19.450001,19.639999,11246400
3/31/14,19.74,20.040001,19.73,20.02,14482300
4/1/14,20.07,20.360001,20.059999,20.32,16133600
4/2/14,20.299999,20.35,19.99,20.040001,14875200
4/3/14,19.959999,20.09,19.799999,19.940001,14904400
4/4/14,20.030001,20.190001,19.73,19.77,14585200
4/7/14,19.65,19.809999,19.610001,19.74,9693500
4/8/14,19.889999,19.98,19.790001,19.98,9181600
4/9/14,19.959999,20.209999,19.959999,20.15,9754100
4/10/14,20.209999,20.299999,19.790001,19.82,9776500
4/11/14,19.82,19.959999,19.74,19.889999,8414400
4/14/14,20.059999,20.33,19.98,20.26,9819500
4/15/14,20.33,20.559999,20.059999,20.51,22468600
4/16/14,20.41,20.42,20.049999,20.15,15121500
4/17/14,20.59,20.92,20.57,20.719999,20492800
4/21/14,20.4,20.59,20.26,20.559999,11525800
4/22/14,20.379999,20.58,20.35,20.559999,11191200
4/23/14,20.370001,20.459999,20.299999,20.41,9031700
4/24/14,20.440001,20.6,20.26,20.559999,12202800
4/25/14,20.07,20.15,19.85,19.91,15474700
4/28/14,20.129999,20.309999,20.059999,20.299999,14382700
4/29/14,20.290001,20.4,20.08,20.1,13771200
4/30/14,19.959999,20.1,19.799999,20.1,12965700
5/1/14,20.09,20.110001,19.75,19.77,10276400
5/2/14,19.75,19.799999,19.620001,19.620001,11073200
5/5/14,19.530001,19.73,19.5,19.66,7061200
5/6/14,19.780001,20.09,19.73,20,10549900
5/7/14,20.040001,20.34,19.969999,20.33,14637400
5/8/14,20.35,20.59,20.33,20.51,13522200
5/9/14,20.5,20.549999,20.26,20.41,10384000
5/12/14,20.120001,20.59,20.110001,20.59,19623700
5/13/14,20.52,20.709999,20.42,20.639999,9547500
5/14/14,20.709999,20.860001,20.549999,20.58,10140100
5/15/14,20.58,20.700001,20.42,20.66,12943300
5/16/14,20.67,20.82,20.389999,20.77,9131200
5/19/14,20.639999,20.73,20.57,20.66,6459900
5/20/14,20.530001,20.709999,20.459999,20.51,4564200
5/21/14,20.51,20.620001,20.48,20.5,5629400
5/22/14,20.57,20.719999,20.530001,20.639999,6156500
5/23/14,20.719999,20.719999,20.549999,20.66,7179700
5/27/14,20.83,20.959999,20.700001,20.889999,7520300
5/28/14,20.950001,21.02,20.809999,20.860001,7761100
5/29/14,20.85,20.85,20.639999,20.700001,6114900
5/30/14,20.4,20.629999,20.4,20.559999,6671500
6/2/14,20.67,20.690001,20.57,20.66,6475000
6/3/14,20.700001,21.299999,20.629999,21.24,20116100
6/4/14,21.219999,21.26,21.08,21.1,10888700
6/5/14,21.120001,21.209999,21.049999,21.200001,8404000
6/6/14,21.219999,21.23,21.07,21.09,7647900
6/9/14,21.290001,21.32,21.16,21.209999,8131800
6/10/14,21.190001,21.4,21.129999,21.299999,7595600
6/11/14,21.309999,21.370001,21.049999,21.129999,7507600
6/12/14,21.1,21.219999,20.99,21.110001,5641600
6/13/14,21.139999,21.209999,21.02,21.09,5705100
6/16/14,21.09,21.219999,21.07,21.209999,4543500
6/17/14,21.23,21.299999,21.129999,21.26,10287700
6/18/14,21.23,21.440001,21.129999,21.35,8455000
6/19/14,21.34,21.690001,21.34,21.690001,9709300
6/20/14,21.48,21.5,21.139999,21.15,8450400
6/23/14,21.02,21.02,20.83,20.85,6105200
6/24/14,21.059999,21.15,20.75,20.780001,8122200
6/25/14,20.879999,21.059999,20.48,21.030001,5486200
6/26/14,21.059999,21.15,20.91,21.02,5177100
6/27/14,21.18,21.299999,21.120001,21.280001,5816000
6/30/14,21.35,21.450001,21.27,21.389999,6491200
7/1/14,21.67,21.98,21.67,21.969999,8655700
7/2/14,22.360001,22.629999,22.26,22.379999,10574100
7/3/14,22.58,22.709999,22.51,22.709999,4317800
7/7/14,22.82,22.879999,22.620001,22.67,12390700
7/8/14,22.610001,22.68,22.459999,22.57,10319000
7/9/14,22.450001,22.49,22.33,22.42,12353400
7/10/14,22.209999,22.950001,22.200001,22.950001,14431800
7/11/14,23,23.07,22.74,22.809999,13026000
7/14/14,22.540001,22.68,22.42,22.66,14313800
7/15/14,22.57,22.59,22.24,22.469999,10256800
7/16/14,21.65,21.700001,20.91,20.93,41814000
7/17/14,20.83,20.83,20.120001,20.200001,25798200
7/18/14,20.559999,20.67,20.440001,20.48,19052400
7/21/14,20.52,20.559999,20.4,20.43,17570900
7/22/14,20.709999,20.809999,20.67,20.709999,10489800
7/23/14,20.75,20.790001,20.639999,20.68,11879700
7/24/14,20.84,20.969999,20.75,20.889999,12694300
7/25/14,20.639999,20.639999,20.299999,20.35,12177800
7/28/14,20.200001,20.42,20.129999,20.370001,12681000
7/29/14,20.67,20.799999,20.530001,20.540001,9895500
7/30/14,20.74,20.780001,20.610001,20.719999,9957300
7/31/14,20.18,20.280001,19.92,20,16332100
8/1/14,20.030001,20.299999,20.030001,20.200001,9833500
8/4/14,20.559999,20.620001,20.35,20.51,9836300
8/5/14,20.01,20.049999,19.68,19.799999,13411900
8/6/14,19.959999,20.110001,19.889999,20.040001,9394300
8/7/14,20.1,20.24,19.870001,19.91,8653500
8/8/14,19.969999,20.030001,19.719999,19.790001,19783100
8/11/14,20.01,20.17,20.01,20.049999,10054400
8/12/14,20.1,20.110001,19.9,19.99,9283800
8/13/14,20.33,20.450001,20.27,20.33,11932500
8/14/14,20.549999,20.6,20.459999,20.530001,6287000
8/15/14,20.549999,20.549999,20.299999,20.450001,7212400
8/18/14,20.43,20.49,20.34,20.469999,4432100
8/19/14,20.639999,20.809999,20.639999,20.74,7677200
8/20/14,20.74,20.9,20.719999,20.84,10026700
8/21/14,20.719999,20.790001,20.59,20.620001,10642500
8/22/14,20.74,21,20.74,20.83,11389900
8/25/14,20.85,20.870001,20.65,20.68,9991200
8/26/14,20.709999,20.85,20.639999,20.799999,7830700
8/27/14,20.92,20.950001,20.690001,20.91,12153100
8/28/14,20.719999,20.93,20.59,20.91,7620800
8/29/14,20.950001,20.950001,20.809999,20.940001,5322800
9/2/14,21.02,21.26,20.99,21.08,8116900
9/3/14,21.280001,21.379999,21.17,21.35,9850200
9/4/14,21.32,21.379999,21.18,21.190001,8057900
9/5/14,21.129999,21.190001,20.98,21.18,5969000
9/8/14,21.17,21.18,21.01,21.07,6724200
9/9/14,21.07,21.200001,20.98,21.049999,7312400
9/10/14,20.799999,21.08,20.75,21.030001,6244800
9/11/14,20.83,20.940001,20.74,20.9,7389100
9/12/14,20.74,20.76,20.280001,20.34,15136400
9/15/14,20.469999,20.469999,20.23,20.24,8072900
9/16/14,20.23,20.59,20.139999,20.48,8209000
9/17/14,20.559999,20.73,20.540001,20.620001,6456800
9/18/14,20.700001,20.959999,20.65,20.92,8889700
9/19/14,20.879999,20.950001,20.5,20.52,8952700
9/22/14,20.43,20.450001,20.200001,20.360001,12063100
9/23/14,20.290001,20.48,20.280001,20.34,9091000
9/24/14,20.5,20.639999,20.450001,20.59,9684500
9/25/14,20.33,20.370001,20.059999,20.110001,12835200
9/26/14,20.08,20.200001,20.07,20.139999,11396400
9/29/14,19.93,20.030001,19.75,19.950001,12150400
9/30/14,19.9,20.190001,19.809999,20.18,15357400
10/1/14,20.18,20.23,19.99,20.1,16100700
10/2/14,20.1,20.41,19.93,20.290001,22937000
10/3/14,20.610001,20.9,20.530001,20.83,19548800
10/6/14,20.9,20.91,20.700001,20.82,19804800
10/7/14,20.690001,20.74,20.360001,20.379999,9473500
10/8/14,20.17,20.66,20.120001,20.6,12264600
10/9/14,20.77,20.780001,20.41,20.469999,10846800
10/10/14,20.18,20.219999,19.389999,19.440001,28668600
10/13/14,19.809999,20.110001,19.620001,19.67,14696600
10/14/14,19.889999,20.379999,19.85,20.139999,21296600
10/15/14,19.719999,20.25,19.450001,20.07,20760400
10/16/14,20.23,21.09,20.190001,20.719999,30662100
10/17/14,20.549999,20.82,20.549999,20.719999,14809100
10/20/14,20.790001,20.99,20.629999,20.870001,11512400
10/21/14,20.93,21.469999,20.799999,21.389999,17393800
10/22/14,21.6,21.700001,21.190001,21.24,14927700
10/23/14,21.33,21.42,21.129999,21.299999,10095300
10/24/14,21.01,21.190001,20.889999,21.18,8800200
10/27/14,21.32,21.4,21.110001,21.360001,11136800
10/28/14,21.450001,21.6,21.34,21.59,11058800
10/29/14,21.57,21.66,21.440001,21.59,9201700
10/30/14,21.49,21.540001,21.01,21.110001,12181300
10/31/14,21.690001,22.129999,21.690001,22.02,19615000
11/3/14,21.98,21.98,21.75,21.9,10560900
11/4/14,21.99,22,21.76,21.950001,8881100
11/5/14,22.059999,22.18,21.84,22.030001,8994500
11/6/14,22.040001,22.059999,21.719999,21.799999,6782500
11/7/14,21.82,21.870001,21.610001,21.82,7835600
11/10/14,22.1,22.33,22.09,22.26,7833800
11/11/14,22.360001,22.4,22.1,22.200001,6580400
11/12/14,21.780001,22.07,21.75,22.049999,11788800
11/13/14,22.26,22.42,22.16,22.34,10891000
11/14/14,22.440001,22.469999,22.309999,22.4,8233100
11/17/14,22.17,22.200001,21.780001,21.91,16309900
11/18/14,21.76,22.110001,21.700001,22.049999,13347000
11/19/14,22.34,22.639999,22.24,22.530001,14975100
11/20/14,22.6,22.82,22.52,22.76,11797500
11/21/14,22.950001,23.1,22.889999,23.059999,11661000
11/24/14,22.860001,23.01,22.75,22.940001,9042000
11/25/14,22.940001,23.07,22.870001,22.91,6605100
11/26/14,22.99,23.24,22.93,23.18,7688400
11/28/14,23.33,23.540001,23.120001,23.469999,6019000
12/1/14,23.200001,23.219999,22.84,22.940001,7990200
12/2/14,22.67,22.690001,22.440001,22.57,9853000
12/3/14,22.75,23.08,22.58,22.93,16566400
12/4/14,22.9,22.93,22.700001,22.82,6130000
12/5/14,22.76,22.799999,22.549999,22.74,7679900
12/8/14,22.780001,22.9,22.389999,22.5,9404100
12/9/14,22.280001,22.6,22.07,22.58,9606600
12/10/14,22.450001,22.450001,22.17,22.190001,10065400
12/11/14,22,22.370001,21.92,22.139999,11096100
12/12/14,22.129999,22.219999,21.969999,21.969999,11335100
12/15/14,22.190001,22.389999,21.889999,21.940001,14120700
12/16/14,21.809999,21.85,21.43,21.440001,11179200
12/17/14,21.26,21.65,21.16,21.639999,13146600
12/18/14,22.049999,22.219999,21.719999,21.790001,10804900
12/19/14,22.49,22.549999,21.99,22.200001,11708000
12/22/14,22.27,22.58,22.219999,22.370001,4714700
12/23/14,22.219999,22.370001,22.200001,22.209999,6055100
12/24/14,22.24,22.51,22.219999,22.35,1975600
12/26/14,22.530001,22.540001,22.27,22.309999,2634900
12/29/14,22.66,22.75,22.379999,22.379999,3737200
12/30/14,22.33,22.559999,22.32,22.440001,4791900
12/31/14,22.48,22.639999,22.33,22.379999,3877200
1/2/15,22.450001,22.459999,22,22.280001,6074100
1/5/15,22.139999,22.17,21.709999,21.74,9031800
1/6/15,21.32,21.58,21.16,21.360001,10169500
1/7/15,21.59,21.76,21.34,21.67,10180200
1/8/15,21.690001,22.01,21.67,21.809999,15825900
1/9/15,21.620001,21.639999,21.02,21.200001,17596000
1/12/15,21.059999,21.09,20.690001,20.790001,24695300
1/13/15,21.02,21.299999,20.99,21.049999,11043200
1/14/15,20.65,21.1,20.6,21.059999,21760200
1/15/15,22.59,23.129999,21.91,22.889999,36350200
1/16/15,22.370001,22.700001,22.290001,22.6,22402000
1/20/15,22.6,23.190001,22.469999,23.09,23999700
1/21/15,23,23.290001,22.959999,23.209999,17966600
1/22/15,23.200001,23.719999,22.889999,23.709999,25334400
1/23/15,23.93,24.299999,23.879999,23.99,13027300
1/26/15,23.950001,24.190001,23.9,24.16,14091400
1/27/15,24.129999,24.26,23.950001,24.190001,14735300
1/28/15,24.440001,24.49,23.85,23.93,16762900
1/29/15,23.690001,23.799999,23.08,23.290001,19411300
1/30/15,22.99,23.120001,22.67,22.709999,17590300
2/2/15,23.030001,23.08,22.709999,22.940001,12854500
2/3/15,23.34,23.440001,23.059999,23.15,16676200
2/4/15,23.59,23.75,23.450001,23.58,11266500
2/5/15,23.719999,23.76,23.309999,23.66,12016600
2/6/15,23.450001,23.629999,23.049999,23.1,16529800
2/9/15,22.92,22.940001,22.49,22.67,12821100
2/10/15,23.9,23.950001,23.459999,23.860001,17077300
2/11/15,23.879999,24.35,23.77,24.290001,14211100
2/12/15,24.41,24.48,24.15,24.469999,10136200
2/13/15,24.450001,24.959999,24.4,24.84,11637500
2/17/15,24.690001,24.889999,24.68,24.77,10525500
2/18/15,24.690001,24.85,24.610001,24.709999,7433100
2/19/15,24.68,24.709999,24.459999,24.52,9929400
2/20/15,24.700001,24.709999,24.299999,24.440001,7268000
2/23/15,24.41,24.43,24.129999,24.219999,7827400
2/24/15,24.379999,25.08,24.35,25.040001,15932700
2/25/15,25.049999,25.32,24.99,25.040001,10388400
2/26/15,24.799999,24.99,24.65,24.68,7588500
2/27/15,24.75,24.780001,24.469999,24.530001,8541000
3/2/15,24.4,24.629999,24.4,24.629999,7081200
3/3/15,24.709999,24.73,24.4,24.5,7485300
3/4/15,24.57,24.6,24.129999,24.33,9415000
3/5/15,24.459999,24.48,24.139999,24.459999,6882400
3/6/15,24.25,24.379999,24.040001,24.09,6375000
3/9/15,23.67,23.700001,23.26,23.450001,15598700
3/10/15,23.02,23.26,22.91,23.049999,12405600
3/11/15,23.41,23.719999,23.41,23.49,9485000
3/12/15,23.5,23.75,23.469999,23.530001,10892000
3/13/15,23.66,23.969999,23.65,23.879999,9748200
3/16/15,23.969999,24.389999,23.9,24.280001,18384800
3/17/15,24.049999,24.440001,23.950001,24.309999,12558800
3/18/15,24.51,24.9,24.15,24.709999,14551700
3/19/15,24.9,25.15,24.629999,24.66,11699700
3/20/15,24.799999,24.9,24.68,24.77,7196900
3/23/15,24.879999,24.950001,24.75,24.799999,9110900
3/24/15,24.610001,24.700001,24.450001,24.5,9071500
3/25/15,24.440001,24.450001,23.08,23.18,32339400
3/26/15,23.059999,23.51,22.959999,23.200001,36432500
3/27/15,22.91,23.120001,22.66,22.940001,20264000
3/30/15,22.780001,23.299999,22.780001,23.25,14707100
3/31/15,23.41,23.559999,23.32,23.48,13621500
4/1/15,23.43,23.469999,23.139999,23.23,13314800
4/2/15,23.620001,23.83,23.58,23.690001,12443500
4/6/15,23.200001,23.74,23.190001,23.540001,11439200
4/7/15,23.540001,23.629999,23.35,23.389999,13305600
4/8/15,23.129999,23.35,23.08,23.200001,10835200
4/9/15,23.25,23.67,23.24,23.440001,10183300
4/10/15,23.73,23.799999,23.379999,23.5,10531900
4/13/15,23.51,23.690001,23.309999,23.33,11125700
4/14/15,23.24,23.299999,22.83,23.18,13787000
4/15/15,23.16,23.639999,23.09,23.51,16883000
4/16/15,23.51,23.549999,22.65,23.24,28320800
4/17/15,23.040001,23.25,22.870001,23.219999,16113600
4/20/15,23.4,23.620001,23.190001,23.27,15253500
4/21/15,23.299999,23.370001,23.16,23.33,13191400
4/22/15,23.4,23.84,23.389999,23.84,15880200
4/23/15,23.84,24.42,23.700001,24.299999,22973300
4/24/15,25.190001,25.309999,24.690001,24.91,28481800
4/27/15,24.889999,25.77,24.77,25.41,25744900
4/28/15,25.23,25.290001,24.799999,25.01,14437100
4/29/15,24.85,24.9,24.59,24.790001,12642500
4/30/15,24.5,24.620001,24.360001,24.440001,16033300
5/1/15,24.700001,24.84,24.57,24.74,9732900
5/4/15,24.559999,24.610001,24.280001,24.32,9436900
5/5/15,24.200001,24.450001,24.17,24.290001,13233000
5/6/15,24.379999,24.51,24.25,24.450001,8302200
5/7/15,24.35,24.41,24.23,24.370001,7299600
5/8/15,24.459999,24.74,24.389999,24.549999,11054400
5/11/15,24.58,24.620001,24.34,24.370001,6256500
5/12/15,24.18,24.5,24.139999,24.379999,10406900
5/13/15,24.48,24.67,24.389999,24.440001,6596700
5/14/15,24.370001,24.52,24.309999,24.41,9130500
5/15/15,24.450001,24.6,24.41,24.559999,5952400
5/18/15,24.48,24.48,24.370001,24.41,9387100
5/19/15,24.48,24.66,24.459999,24.59,10063100
5/20/15,24.52,24.67,24.41,24.58,9053200
5/21/15,24.379999,24.43,24.15,24.24,12175800
5/22/15,24.370001,24.58,24.200001,24.200001,8574500
5/26/15,24.17,24.379999,24.15,24.26,10911600
5/27/15,24.17,24.700001,24.1,24.6,14361100
5/28/15,24.49,24.65,24.360001,24.450001,10416600
5/29/15,24.049999,24.43,23.940001,24.280001,13170000
6/1/15,24.18,24.24,23.93,24.139999,10391300
6/2/15,23.98,24,23.639999,23.67,12267300
6/3/15,23.780001,23.799999,23.48,23.66,10846500
6/4/15,23.27,23.43,22.780001,22.98,16981800
6/5/15,22.82,23.040001,22.75,22.860001,9277100
6/8/15,22.870001,22.92,22.6,22.65,9155900
6/9/15,22.870001,23.1,22.709999,22.83,14045900
6/10/15,23.049999,23.34,23,23.33,14611900
6/11/15,23.66,23.709999,23.459999,23.51,12836500
6/12/15,23.540001,23.76,23.4,23.67,12115900
6/15/15,23.389999,23.440001,23.23,23.26,12984800
6/16/15,23.24,23.65,23.200001,23.58,12381400
6/17/15,23.559999,23.700001,23.450001,23.6,12642300
6/18/15,23.66,23.83,23.57,23.76,11225200
6/19/15,23.620001,23.68,23.389999,23.4,11609100
6/22/15,23.66,23.889999,23.6,23.84,13407100
6/23/15,24.01,24.040001,23.75,23.93,9339600
6/24/15,23.959999,24,23.83,23.9,9368200
6/25/15,24.040001,24.33,24,24.08,8369700
6/26/15,23.92,24.040001,23.440001,23.629999,14805800
6/29/15,22.67,22.940001,22.360001,22.379999,14494500
6/30/15,22.860001,23.129999,22.67,22.709999,15836800
7/1/15,23.129999,23.23,22.85,22.93,12403200
7/2/15,23,23.33,22.950001,23.15,7884900
7/6/15,23,23.26,22.870001,22.940001,7476100
7/7/15,22.809999,23,22.440001,22.959999,10131500
7/8/15,22.59,22.66,22.18,22.23,13956700
7/9/15,22.58,22.65,22.110001,22.219999,12147200
7/10/15,22.34,22.67,22.34,22.57,9042600
7/13/15,22.690001,22.879999,22.559999,22.860001,11501200
7/14/15,22.77,22.9,22.690001,22.799999,8778400
7/15/15,22.709999,22.91,22.41,22.559999,13861500
7/16/15,22.049999,22.83,21.700001,22.73,29850800
7/17/15,22.950001,23.09,22.780001,23.030001,10314200
7/20/15,23.030001,23.040001,22.620001,22.9,12307200
7/21/15,22.940001,23.16,22.83,22.879999,9372700
7/22/15,22.469999,22.540001,22.110001,22.219999,17279900
7/23/15,22.129999,22.5,22.09,22.309999,16251500
7/24/15,22.059999,22.209999,21.610001,21.639999,15045700
7/27/15,21.57,21.690001,21.33,21.629999,10167100
7/28/15,21.709999,21.99,21.6,21.879999,13102700
7/29/15,21.82,22.27,21.74,22.110001,12780100
7/30/15,22.23,22.780001,22.190001,22.700001,17400600
7/31/15,22.549999,22.610001,22.030001,22.110001,16313800
8/3/15,21.9,21.9,21.52,21.719999,11945800
8/4/15,21.83,21.92,21.34,21.450001,13832400
8/5/15,21.549999,21.870001,21.52,21.610001,7506500
8/6/15,21.42,21.549999,21.01,21.280001,12945100
8/7/15,21.26,21.41,20.99,21.030001,16644500
8/10/15,21.120001,21.889999,20.92,21.610001,25398700
8/11/15,21,21.1,20.549999,20.83,18685200
8/12/15,20.530001,20.780001,20.18,20.75,20957100
8/13/15,20.549999,20.690001,20.41,20.540001,7873400
8/14/15,20.370001,20.4,20.219999,20.379999,11355400
8/17/15,19.9,20.309999,19.690001,20.280001,18060200
8/18/15,20.18,20.200001,20.01,20.030001,10410700
8/19/15,20,20.059999,19.629999,19.91,12520400
8/20/15,19.790001,20.07,19.610001,19.610001,12865500
8/21/15,19.25,19.51,18.870001,18.879999,20217500
8/24/15,17.74,19.43,17.32,18.76,31876000
8/25/15,19.73,20.01,18.700001,18.76,25640300
8/26/15,19.34,19.48,18.940001,19.450001,20952300
8/27/15,19.620001,19.940001,19.58,19.940001,17880000
8/28/15,19.629999,20.08,19.549999,20,10980800
8/31/15,20.16,20.190001,19.75,19.879999,9081400
9/1/15,19.35,19.76,19.25,19.41,14185700
9/2/15,19.700001,20.07,19.65,19.940001,14670900
9/3/15,20.15,20.24,20.02,20.07,8174900
9/4/15,19.700001,19.83,19.6,19.67,8944000
9/8/15,19.959999,20.059999,19.82,20.049999,10390900
9/9/15,20.440001,20.66,19.82,19.879999,10318700
9/10/15,19.799999,19.91,19.27,19.700001,17806400
9/11/15,19.74,19.950001,19.610001,19.9,9549900
9/14/15,19.99,20.17,19.889999,20.040001,7790800
9/15/15,20.16,20.559999,20.040001,20.389999,11469800
9/16/15,20.709999,20.75,20.459999,20.67,11471100
9/17/15,20.58,21.02,20.57,20.66,11394200
9/18/15,20.530001,20.76,20.35,20.610001,14057800
9/21/15,20.530001,20.719999,20.4,20.530001,12292100
9/22/15,20.17,20.24,19.879999,19.950001,13482400
9/23/15,19.65,20.290001,19.6,20.01,22169600
9/24/15,19.889999,20.030001,19.559999,19.99,11088800
9/25/15,20.16,20.299999,19.959999,20.049999,10742300
9/28/15,19.969999,20.049999,19.58,19.629999,15576100
9/29/15,19.620001,19.950001,19.49,19.889999,10919600
9/30/15,20.360001,20.790001,20.33,20.75,12400200
10/1/15,20.950001,21,20.6,20.860001,14508200
10/2/15,20.209999,20.77,20.209999,20.76,15271100
10/5/15,21.059999,21.440001,20.790001,21.4,10938100
10/6/15,21.059999,21.360001,20.959999,21.23,10577700
10/7/15,21.68,22.1,21.629999,21.93,13647100
10/8/15,21.780001,22.27,21.67,22.25,10343500
10/9/15,22.309999,22.43,21.91,21.950001,11648800
10/12/15,22.07,22.200001,22.01,22.09,6779500
10/13/15,21.82,22.030001,21.68,21.940001,12740800
10/14/15,21.780001,22.530001,21.66,22.34,22801100
10/15/15,22.549999,22.790001,21.790001,21.950001,17867300
10/16/15,22.01,22.219999,21.99,22.16,9598700
10/19/15,22.08,22.299999,21.959999,22.23,8940900
10/20/15,22.200001,22.42,22.17,22.309999,6718400
10/21/15,22.33,22.450001,22.139999,22.219999,8154300
10/22/15,22.389999,22.620001,22.32,22.51,8214500
10/23/15,22.75,22.75,22.4,22.469999,11854100
10/26/15,22.469999,22.52,21.93,22.16,12350400
10/27/15,22.059999,22.299999,21.879999,22.200001,6885400
10/28/15,22.07,22.27,21.870001,22.08,9913700
10/29/15,21.809999,21.82,21.52,21.82,7939100
10/30/15,21.84,22.07,21.65,21.959999,8791800
11/2/15,21.860001,22.139999,21.77,22.1,5716700
11/3/15,22.24,22.950001,22.110001,22.77,12846400
11/4/15,23.1,23.66,23.049999,23.549999,14372000
11/5/15,23.23,23.23,22.950001,22.98,8345300
11/6/15,22.59,22.83,22.43,22.82,8805900
11/9/15,22.75,22.98,22.68,22.959999,8629200
11/10/15,22.51,22.67,22.33,22.51,7388700
11/11/15,22.42,22.700001,22.280001,22.58,5255100
11/12/15,22.440001,22.68,22.24,22.24,5685100
11/13/15,22.07,22.15,21.57,21.889999,7883500
11/16/15,21.83,22.379999,21.799999,22.35,7121500
11/17/15,22.43,22.82,22.379999,22.52,7148400
11/18/15,22.379999,22.559999,22.15,22.52,8010400
11/19/15,22.940001,22.940001,22.59,22.67,7115100
11/20/15,22.809999,22.889999,22.709999,22.83,6039900
11/23/15,22.92,22.940001,22.540001,22.57,5502100
11/24/15,22.43,22.58,22.16,22.5,8911500
11/25/15,22.57,22.66,22.51,22.559999,5442600
11/27/15,22.389999,22.639999,22.34,22.450001,3995600
11/30/15,22.440001,22.870001,22.379999,22.76,8612900
12/1/15,22.84,23.35,22.83,23.280001,10256000
12/2/15,23.190001,23.360001,23.059999,23.190001,6829100
12/3/15,23.280001,23.309999,22.82,22.93,5884700
12/4/15,22.83,23.370001,22.73,23.309999,6355600
12/7/15,23.450001,23.5,23.18,23.24,4634000
12/8/15,23,23.219999,22.879999,23.08,6133900
12/9/15,22.950001,23.01,22.65,22.73,8663600
12/10/15,22.719999,22.85,22.610001,22.65,7171900
12/11/15,22.42,22.559999,22.16,22.18,11326300
12/14/15,22.33,22.41,22.07,22.219999,7898600
12/15/15,22.42,22.9,22.42,22.82,9444200
12/16/15,23.110001,23.23,22.889999,23.16,7384800
12/17/15,23.09,23.290001,22.950001,22.959999,8925700
12/18/15,22.77,23.08,22.719999,22.93,8648000
12/21/15,22.93,23.049999,22.75,22.950001,4958700
12/22/15,22.98,23.09,22.950001,23.059999,4553900
12/23/15,23.200001,23.209999,22.969999,23.08,6172900
12/24/15,23.15,23.280001,23.08,23.15,2009500
12/28/15,23.15,23.190001,22.85,23.01,3100100
12/29/15,23.07,23.23,22.98,23.08,4136700
12/30/15,23.049999,23.09,22.84,22.879999,2574100
12/31/15,22.860001,23,22.57,22.75,3898300
1/4/16,22.24,22.299999,21.860001,22.09,9145100
1/5/16,22.18,22.42,21.950001,21.950001,7642100
1/6/16,21.66,21.709999,21.26,21.34,8063200
1/7/16,20.879999,21.379999,20.82,21.1,11242800
1/8/16,21.27,21.4,20.77,20.809999,9290700
1/11/16,21.17,21.25,20.700001,20.93,9771200
1/12/16,21.23,21.24,20.51,20.75,11629400
1/13/16,20.9,21.07,20.450001,20.48,12858400
1/14/16,20.73,21.870001,20.700001,21.82,18687600
1/15/16,20.559999,21.280001,20.559999,21.1,12066200
1/19/16,21.629999,21.799999,21.23,21.66,14807000
1/20/16,20.84,21.209999,20.74,21.09,10815300
1/21/16,21.15,21.469999,20.85,21.33,9105000
1/22/16,21.76,21.950001,21.620001,21.93,8369200
1/25/16,21.709999,22.07,21.700001,21.790001,8463700
1/26/16,21.780001,21.860001,21.5,21.59,7709700
1/27/16,21.719999,22,21.610001,21.68,6432800
1/28/16,21.780001,21.870001,21.48,21.629999,7169000
1/29/16,21.870001,22.4,21.870001,22.35,9010200
2/1/16,22.18,22.549999,22.15,22.459999,5389200
2/2/16,22.299999,22.620001,22.280001,22.559999,13487900
2/3/16,22.75,23.1,22.59,22.92,13083200
2/4/16,22.969999,23.25,22.92,23.23,6473100
2/5/16,23.01,23.360001,22.66,22.75,9325400
2/8/16,22.48,22.91,22.26,22.799999,8355200
2/9/16,22.23,22.68,22.07,22.559999,8426600
2/10/16,22.67,22.91,22.280001,22.299999,5761600
2/11/16,22.16,22.360001,21.790001,22,10394600
2/12/16,22.290001,22.32,21.92,22.24,7326900
2/16/16,22.620001,23.690001,22.59,23.34,13843800
2/17/16,23.360001,23.74,23.27,23.639999,11956100
2/18/16,23.98,24.190001,23.76,23.799999,12780200
2/19/16,23.799999,24.030001,23.51,23.780001,8950300
2/22/16,24.02,24.129999,23.85,23.959999,7250300
2/23/16,23.74,23.75,23.26,23.4,5802500
2/24/16,23.08,23.5,22.83,23.42,5267500
2/25/16,23.68,23.700001,23.379999,23.690001,5076800
2/26/16,23.690001,24.09,23.42,23.77,9920900
2/29/16,23.57,23.75,23.459999,23.549999,6614000
3/1/16,24.15,24.68,23.99,24.58,9858800
3/2/16,24.450001,24.700001,24.379999,24.620001,5841300
3/3/16,24.629999,24.870001,24.450001,24.559999,7957500
3/4/16,24.559999,24.950001,24.440001,24.65,7264600
3/7/16,24.4,24.719999,24.059999,24.700001,8971500
3/8/16,24.360001,24.85,24.32,24.65,11734000
3/9/16,24.719999,24.790001,24.52,24.74,5807300
3/10/16,24.860001,25,24.51,24.74,6483700
3/11/16,25,25.379999,24.99,25.35,7560000
3/14/16,25.309999,25.379999,25.110001,25.219999,4109400
3/15/16,24.9,25.200001,24.73,24.879999,8839800
3/16/16,24.76,25.799999,24.719999,25.780001,10874100
3/17/16,25.74,25.85,25.620001,25.77,6264700
3/18/16,25.879999,26.25,25.799999,26.040001,7208700
3/21/16,25.879999,26.02,25.75,25.93,5494100
3/22/16,25.76,26.059999,25.66,25.809999,6247400
3/23/16,25.82,25.82,25.540001,25.68,5465900
3/24/16,25.52,25.75,25.440001,25.73,5549000
3/28/16,25.719999,25.76,25.540001,25.629999,2197200
3/29/16,25.559999,26.02,25.440001,25.969999,4550800
3/30/16,26.32,26.620001,26.32,26.459999,5999600
3/31/16,26.280001,26.440001,26.18,26.200001,5369100
4/1/16,25.879999,26.209999,25.77,26.120001,5091200
4/4/16,26.129999,26.129999,25.809999,25.85,4302700
4/5/16,25.51,25.629999,25.24,25.51,8612600
4/6/16,25.15,25.74,25.02,25.620001,8333100
4/7/16,25.49,25.52,25.25,25.370001,7774400
4/8/16,25.75,25.809999,25.209999,25.280001,8214600
4/11/16,25.700001,25.84,25.5,25.51,5406300
4/12/16,25.700001,25.719999,25.309999,25.57,4766900
4/13/16,25.950001,26.209999,25.780001,26.17,9082700
4/14/16,25.299999,25.530001,25.09,25.299999,13870800
4/15/16,25.51,25.58,25.370001,25.459999,8019100
4/18/16,25.379999,25.68,25.32,25.5,6507600
4/19/16,25.52,25.67,25.15,25.16,9378700
4/20/16,24.93,25.25,24.74,25.120001,9391300
4/21/16,25.299999,25.35,25,25.16,6044400
4/22/16,25.18,25.309999,24.950001,25.07,6447400
4/25/16,25.15,25.33,24.950001,25.01,7772500
4/26/16,25.200001,25.35,24.98,25.01,9920000
4/27/16,24.9,25.34,24.82,25.25,7302200
4/28/16,24.65,24.879999,24.07,24.16,12170200
4/29/16,24,24.01,23.42,23.59,14955900
5/2/16,23.58,23.75,23.459999,23.690001,6112100
5/3/16,23.35,23.450001,23.16,23.32,9323900
5/4/16,23.309999,23.549999,23.23,23.42,7789900
5/5/16,23.450001,23.690001,23.4,23.5,7238400
5/6/16,23.5,23.610001,23.34,23.41,5373300
5/9/16,23.4,23.49,23.200001,23.370001,5189800
5/10/16,23.299999,23.440001,23.24,23.389999,5374500
5/11/16,23.360001,23.450001,23.129999,23.219999,6185400
5/12/16,23.23,23.290001,22.75,22.99,7674600
5/13/16,22.85,23,22.77,22.82,4837700
5/16/16,22.969999,23.24,22.91,23.110001,4654300
5/17/16,23.200001,23.309999,22.91,22.950001,4017400
5/18/16,23,23.639999,22.9,23.52,10028100
5/19/16,23.309999,23.32,23.049999,23.25,3868700
5/20/16,23.5,24.02,23.43,23.91,8380600
5/23/16,24.629999,24.76,24.209999,24.27,6840000
5/24/16,24.309999,24.57,24.26,24.469999,7573600
5/25/16,24.610001,24.719999,24.52,24.620001,5151600
5/26/16,24.799999,24.92,24.59,24.790001,8204700
5/27/16,24.93,25.01,24.780001,24.799999,5381300
5/31/16,24.83,24.85,24.530001,24.719999,7999900
6/1/16,24.719999,25.26,24.719999,25.25,6126800
6/2/16,25.209999,25.25,25.07,25.18,4188200
6/3/16,25.34,25.6,25.309999,25.530001,5041800
6/6/16,25.6,25.67,25.43,25.469999,7579500
6/7/16,25.719999,26.120001,25.700001,26.059999,6624300
6/8/16,26.51,26.58,26.290001,26.33,6173600
6/9/16,25.91,26.25,25.91,26.23,5760100
6/10/16,25.9,25.969999,25.540001,25.860001,6699400
6/13/16,25.549999,25.82,25.5,25.629999,7414600
6/14/16,25.540001,25.709999,25.389999,25.57,7191500
6/15/16,25.67,26.030001,25.66,25.84,6926800
6/16/16,25.51,25.91,25.379999,25.860001,4637700
6/17/16,25.889999,25.93,25.6,25.85,5813100
6/20/16,26.32,26.639999,26.280001,26.370001,10019300
6/21/16,26.450001,26.65,26.34,26.59,6095200
6/22/16,26.6,26.92,26.52,26.540001,8010400
6/23/16,26.639999,26.809999,26.52,26.809999,6708600
6/24/16,25.59,26.200001,25.51,25.68,9529800
6/27/16,24.639999,24.959999,24.360001,24.9,10314300
6/28/16,25.219999,25.370001,25.09,25.26,14428100
6/29/16,25.68,25.969999,25.67,25.799999,8758600
6/30/16,26.07,26.42,25.83,26.23,9765900
7/1/16,26.629999,26.65,26.49,26.530001,5939300
7/5/16,26.16,26.299999,26.120001,26.26,5678400
7/6/16,25.799999,26.200001,25.75,26.15,6062900
7/7/16,26.25,26.530001,26.24,26.309999,5327900
7/8/16,26.5,26.799999,26.41,26.73,5780600
7/11/16,27.16,27.370001,27.129999,27.200001,6051600
7/12/16,27.200001,27.290001,26.84,26.969999,8538700
7/13/16,26.92,27.01,26.76,26.889999,10553300
7/14/16,27,27.23,26.639999,27.110001,12145100
7/15/16,27.190001,27.26,26.969999,27.01,5996500
7/18/16,27.309999,27.65,27.15,27.639999,7767300
7/19/16,27.379999,27.52,27.190001,27.27,4997300
7/20/16,27.4,27.59,27.280001,27.549999,5805100
7/21/16,27.67,27.82,27.42,27.48,6369300
7/22/16,27.530001,27.790001,27.48,27.74,5116800
7/25/16,27.49,27.92,27.49,27.860001,7799700
7/26/16,27.969999,28.41,27.959999,28.33,10178800
7/27/16,28.49,28.49,27.940001,28.1,7057700
7/28/16,28.290001,28.389999,28,28.139999,4746300
7/29/16,28.1,28.1,27.66,27.780001,7366600
8/1/16,28.35,28.75,28.35,28.620001,7328200
8/2/16,28.49,28.49,28.059999,28.16,6088500
8/3/16,28.08,28.24,27.91,28.16,3872000
8/4/16,28.219999,28.43,28.120001,28.4,3165000
8/5/16,28.65,28.85,28.629999,28.790001,5573000
8/8/16,28.76,29.139999,28.709999,29.09,8731700
8/9/16,29.18,29.43,29.139999,29.4,6660600
8/10/16,29.42,29.450001,29.18,29.219999,8229100
8/11/16,29.139999,29.370001,28.799999,29.139999,9134000
8/12/16,29.17,29.27,29.059999,29.24,3481800
8/15/16,29.379999,29.450001,29.309999,29.389999,3187000
8/16/16,29.16,29.200001,28.98,29.08,5914400
8/17/16,29,29,28.74,28.98,6996800
8/18/16,28.91,29.200001,28.84,29.16,4254200
8/19/16,28.629999,28.690001,28.51,28.639999,6241800
8/22/16,28.299999,28.48,28.219999,28.4,6415400
8/23/16,28.6,28.690001,28.459999,28.5,5501800
8/24/16,28.57,28.6,28.34,28.389999,5391500
8/25/16,28.629999,28.84,28.52,28.6,6388200
8/26/16,28.6,28.9,28.43,28.639999,5267500
8/29/16,28.58,28.77,28.559999,28.700001,3143900
8/30/16,28.59,28.690001,28.530001,28.620001,5001800
8/31/16,28.76,28.98,28.67,28.74,4674700
9/1/16,28.690001,29.030001,28.629999,28.959999,6066600
9/2/16,29.1,29.209999,29.030001,29.139999,6050200
9/6/16,29.51,29.719999,29.299999,29.49,6433000
9/7/16,30.35,30.549999,29.780001,29.82,14429800
9/8/16,29.9,29.92,29.639999,29.790001,6361600
9/9/16,29.299999,29.33,28.549999,28.59,8325600
9/12/16,28.549999,29.040001,28.200001,28.99,5844500
9/13/16,28.709999,28.780001,28.309999,28.49,6857800
9/14/16,28.52,28.76,28.360001,28.620001,5088700
9/15/16,28.610001,29.27,28.610001,29.18,6305100
9/16/16,29.129999,29.219999,28.77,28.91,7329300
9/19/16,29.91,30.120001,29.870001,29.93,7696400
9/20/16,30.16,30.24,29.889999,29.9,5763300
9/21/16,30.09,30.559999,30.049999,30.5,8097200
9/22/16,30.76,30.950001,30.51,30.66,5329000
9/23/16,30.65,30.67,30.02,30.120001,7959800
9/26/16,30.02,30.07,29.709999,29.84,4363300
9/27/16,29.799999,30.43,29.65,30.4,5707200
9/28/16,30.469999,30.5,30.129999,30.33,4125100
9/29/16,30.309999,30.65,30.17,30.4,5985800
9/30/16,30.290001,30.68,30.23,30.59,5725700
10/3/16,30.639999,30.809999,30.57,30.719999,4198500
10/4/16,30.82,30.92,30.360001,30.389999,5104800
10/5/16,30.67,30.709999,30.5,30.530001,6205000
10/6/16,30.700001,30.809999,30.379999,30.77,4099900
10/7/16,30.879999,31.209999,30.65,31.18,5753400
10/10/16,31.190001,31.48,31.16,31.280001,7810500
10/11/16,30.99,30.99,30.51,30.73,10157600
10/12/16,30.9,31.41,30.700001,31.35,9587000
10/13/16,30.93,30.93,29.52,30.530001,17323000
10/14/16,31.059999,31.27,30.57,30.66,9822900
10/17/16,30.52,30.76,30.379999,30.57,7598400
10/18/16,30.91,30.98,30.690001,30.860001,5487500
10/19/16,30.950001,31.040001,30.66,30.98,6733000
10/20/16,30.93,31.15,30.799999,31.059999,7329800
10/21/16,30.92,31.139999,30.76,31.08,3817100
10/24/16,31.139999,31.41,31.08,31.41,3768900
10/25/16,31.4,31.620001,31.379999,31.549999,3214700
10/26/16,31.190001,31.43,31.07,31.209999,4121500
10/27/16,31.23,31.26,30.75,30.77,6243200
10/28/16,30.940001,31.1,30.76,30.77,5210800
10/31/16,30.93,31.129999,30.84,31.1,3212300
11/1/16,31.120001,31.200001,30.48,30.709999,5815800
11/2/16,30.67,30.73,30.24,30.389999,5274700
11/3/16,30.35,30.5,30.18,30.280001,4890800
11/4/16,30.209999,30.450001,30.02,30.24,4431900
11/7/16,30.719999,31.379999,30.68,31.35,3981800
11/8/16,31.200001,31.5,31.01,31.34,4077100
11/9/16,30.639999,30.99,30.309999,30.59,8996700
11/10/16,30.549999,30.549999,29.370001,29.440001,10104300
11/11/16,29.059999,30.08,28.76,29.93,7506800
11/14/16,29.280001,29.6,28.809999,28.85,8551400
11/15/16,29.309999,29.440001,28.77,29.200001,11135600
11/16/16,29.09,29.9,29.09,29.860001,8802600
11/17/16,30,30.02,29.35,29.469999,7065100
11/18/16,29.43,29.57,29.190001,29.469999,5136600
11/21/16,29.6,29.74,29.459999,29.65,4477100
11/22/16,29.969999,30.15,29.77,29.91,8937500
11/23/16,29.9,30.129999,29.74,29.889999,4017500
11/25/16,29.75,29.809999,29.610001,29.66,2101800
11/28/16,29.709999,29.940001,29.540001,29.66,5435000
11/29/16,29.58,29.75,29.139999,29.549999,9254600
11/30/16,29.549999,29.82,29.4,29.690001,6403400
12/1/16,29.5,29.52,28.34,28.549999,12499600
12/2/16,28.52,28.870001,28.389999,28.860001,5195800
12/5/16,28.940001,29.290001,28.870001,29.02,3953100
12/6/16,29.309999,29.610001,29.200001,29.51,4336200
12/7/16,29.48,29.940001,29.25,29.93,3911600
12/8/16,30.27,30.27,29.860001,30.040001,4094600
12/9/16,30.32,30.629999,29.959999,30.120001,4387400
12/12/16,29.969999,29.969999,29.629999,29.9,3428000
12/13/16,30.059999,30.639999,30.030001,30.360001,5857700
12/14/16,30.26,30.389999,29.85,29.870001,6108400
12/15/16,30.16,30.290001,30.030001,30.16,5073300
12/16/16,30.049999,30.08,29.389999,29.48,6662100
12/19/16,29.49,29.540001,29.17,29.27,6157000
12/20/16,29.35,29.559999,29.139999,29.309999,5570800
12/21/16,29.23,29.280001,28.91,29.139999,6267500
12/22/16,28.99,29,28.5,28.74,7455900
12/23/16,28.780001,29.129999,28.690001,29.049999,4853500
12/27/16,29,29.23,29,29.1,3083000
12/28/16,29.26,29.32,29.040001,29.120001,3663300
12/29/16,28.99,29.16,28.809999,29.129999,5323900
12/30/16,29.200001,29.23,28.620001,28.75,4862800
1/3/17,29.25,29.51,29.059999,29.309999,6280300
1/4/17,29.389999,29.459999,29.200001,29.299999,4391800
1/5/17,29.530001,29.91,29.52,29.799999,4775700
1/6/17,29.74,29.85,29.459999,29.629999,4878700
1/9/17,29.790001,30.139999,29.719999,30.040001,8371700
1/10/17,30.040001,30.299999,29.9,30.07,7582000
1/11/17,29.780001,30.200001,29.719999,30.17,7467300
1/12/17,29.32,29.860001,28.98,29.290001,13032200
1/13/17,29.5,29.65,29.219999,29.440001,9811100
1/17/17,29.610001,29.65,29.459999,29.620001,7679800
1/18/17,29.549999,29.68,29.440001,29.49,7692800
1/19/17,29.49,29.690001,29.389999,29.629999,8493200
1/20/17,29.620001,30.26,29.57,30.07,7399400
1/23/17,30.309999,30.49,30.209999,30.33,6959800
1/24/17,30.530001,30.9,30.51,30.82,7213600
1/25/17,31.1,31.33,30.940001,31.309999,8025800
1/26/17,31.26,31.450001,31.01,31.110001,8308700
1/27/17,31.17,31.35,31,31.25,5982200
1/30/17,31.07,31.200001,30.940001,31.190001,7253100
1/31/17,31.040001,31.16,30.73,30.91,6263100
2/1/17,31.24,31.309999,30.84,31.08,5036900
2/2/17,30.709999,30.889999,30.620001,30.780001,5794800
2/3/17,30.959999,31.08,30.799999,30.969999,5249100
2/6/17,30.950001,30.950001,30.700001,30.870001,3523700
2/7/17,30.91,30.969999,30.5,30.52,6209500
2/8/17,30.690001,30.700001,30.290001,30.33,7776600
2/9/17,30.33,30.5,30.17,30.209999,8547000
2/10/17,30.440001,30.809999,30.35,30.709999,6749400
2/13/17,30.940001,31.799999,30.940001,31.690001,10203800
2/14/17,31.469999,31.469999,31.110001,31.33,5208600
2/15/17,31.5,31.799999,31.5,31.75,4577200
2/16/17,31.719999,32.490002,31.629999,32.32,13197100
2/17/17,32.099998,32.380001,32.02,32.34,7518200
2/21/17,32.389999,32.470001,32.169998,32.330002,5475400
2/22/17,32.200001,32.200001,31.91,32.07,5296200
2/23/17,32.150002,32.150002,31.73,31.75,5291200
2/24/17,31.610001,31.92,31.469999,31.92,3687100
2/27/17,31.82,31.82,31.48,31.530001,5841900
2/28/17,31.59,31.68,31.4,31.469999,6040800
3/1/17,31.42,31.6,31.26,31.58,4910300
3/2/17,31.190001,31.24,30.790001,30.870001,8561100
3/3/17,30.870001,30.92,30.540001,30.85,6120700
3/6/17,30.799999,30.940001,30.709999,30.85,5467400
3/7/17,31.01,31.4,30.959999,31.309999,7014000
3/8/17,31.469999,31.52,31.200001,31.219999,4528500
3/9/17,30.889999,31.059999,30.719999,30.98,6120700
3/10/17,30.870001,31.08,30.82,31.059999,5655300
3/13/17,31.27,31.57,31.24,31.5,3965700
3/14/17,31.379999,31.469999,31.200001,31.209999,5967200
3/15/17,31.379999,32.029999,31.34,31.91,4571400
3/16/17,32.25,32.470001,32.200001,32.41,6489000
3/17/17,32.599998,32.759998,32.439999,32.59,6199800
3/20/17,32.799999,33.110001,32.709999,32.849998,5126700
3/21/17,33.240002,33.529999,32.439999,32.48,9159900
3/22/17,32.57,32.849998,32.48,32.689999,6713500
3/23/17,32.470001,32.66,32.369999,32.560001,5909900
3/24/17,32.73,33.099998,32.610001,32.810001,5899900
3/27/17,32.849998,33.259998,32.779999,33.169998,5661500
3/28/17,33.360001,33.43,33.130001,33.349998,4527000
3/29/17,32.950001,32.970001,32.77,32.93,4083900
3/30/17,32.84,33.150002,32.779999,33.07,3890600
3/31/17,32.700001,32.939999,32.57,32.84,4853500
4/3/17,32.939999,33,32.709999,32.889999,4283100
4/4/17,32.799999,32.950001,32.77,32.860001,3756600
4/5/17,33.060001,33.330002,32.869999,32.900002,5112900
4/6/17,32.880001,32.939999,32.73,32.860001,3990800
4/7/17,32.860001,33.040001,32.77,32.869999,3366300
4/10/17,32.869999,32.869999,32.419998,32.52,4937100
4/11/17,32.689999,32.689999,31.98,32.400002,6293800
4/12/17,32.470001,32.639999,32.02,32.279999,6136500
4/13/17,32.099998,32.450001,31.82,31.83,8781700
4/17/17,32.040001,32.07,31.77,32.029999,6918900
4/18/17,31.76,31.860001,31.629999,31.790001,5468600
4/19/17,31.92,31.950001,31.49,31.610001,4739200
4/20/17,31.77,31.870001,31.639999,31.790001,4237700
4/21/17,32.09,32.139999,31.950001,32.080002,4530400
4/24/17,32.580002,32.799999,32.490002,32.700001,5717000
4/25/17,32.759998,33.18,32.75,33.07,5614300
4/26/17,33.060001,33.110001,32.82,33,6027700
4/27/17,33.110001,33.299999,33.009998,33.02,5625600
4/28/17,33.150002,33.25,33.040001,33.07,5250500
5/1/17,33.16,33.41,33.139999,33.400002,4015100
5/2/17,33.57,33.990002,33.57,33.93,5989300
5/3/17,33.880001,34.290001,33.84,34.290001,6660700
5/4/17,34.189999,34.189999,33.970001,34.139999,5697300
5/5/17,34.16,34.439999,34.029999,34.419998,5249800
5/8/17,34.700001,35.099998,34.630001,34.98,6906900
5/9/17,35.130001,35.459999,35.130001,35.41,7297900
5/10/17,35.27,35.630001,35.080002,35.41,9936700
5/11/17,35.619999,35.799999,35.369999,35.560001,6648900
5/12/17,35.5,35.52,35.25,35.369999,4905000
5/15/17,35.360001,35.389999,34.880001,35.060001,9784700
5/16/17,35.009998,35.029999,34.799999,35.029999,6046200
5/17/17,34.799999,34.810001,34.389999,34.419998,8128100
5/18/17,34.439999,34.990002,34.41,34.900002,8303700
5/19/17,35.080002,35.23,34.939999,35.200001,7283300
5/22/17,35.389999,35.509998,35.259998,35.400002,5914200
5/23/17,35.389999,35.490002,35.299999,35.400002,6612800
5/24/17,35.419998,35.59,35.34,35.52,7812500
5/25/17,35.66,35.790001,35.490002,35.57,4514900
5/26/17,35.549999,35.580002,35.330002,35.509998,3109800
5/30/17,35.68,35.810001,35.48,35.779999,4219300
5/31/17,35.32,35.360001,35.099998,35.360001,7663100
6/1/17,35.700001,35.919998,35.529999,35.889999,6016100
6/2/17,35.91,36.23,35.849998,36.18,5779200
6/5/17,36.560001,36.669998,36.299999,36.389999,4819600
6/6/17,36.380001,36.580002,36.240002,36.43,5028000
6/7/17,36.59,36.709999,36.380001,36.459999,6537700
6/8/17,36.75,36.900002,36.540001,36.830002,7593900
6/9/17,36.580002,36.700001,35.200001,35.790001,12040100
6/12/17,35.790001,35.790001,35.009998,35.240002,11057000
6/13/17,35.459999,35.59,35.25,35.560001,4969400
6/14/17,35.470001,35.77,35.369999,35.650002,7016400
6/15/17,35.110001,35.470001,35.009998,35.439999,4623300
6/16/17,35.869999,35.950001,35.720001,35.869999,7432400
6/19/17,36.130001,36.360001,36.07,36.209999,4523700
6/20/17,36.52,36.740002,36.119999,36.130001,4987400
6/21/17,36.209999,36.779999,36.209999,36.709999,6329400
6/22/17,36.720001,36.919998,36.630001,36.709999,6273400
6/23/17,36.720001,36.779999,36.540001,36.73,5558600
6/26/17,36.439999,36.52,35.919998,36.130001,10127200
6/27/17,35.790001,35.790001,34.970001,35.09,8081100
6/28/17,35.27,35.389999,34.75,35.349998,8306200
6/29/17,35.23,35.23,34.529999,34.810001,7332200
6/30/17,34.84,35.09,34.700001,34.959999,5177500
7/3/17,35.040001,35.169998,34.830002,34.880001,4470600
7/5/17,35.080002,35.080002,34.630001,34.82,9222200
7/6/17,34.5,34.639999,34.310001,34.5,6493700
7/7/17,34.549999,34.669998,34.48,34.630001,7937800
7/10/17,34.610001,35.16,34.549999,35,7779700
7/11/17,35.43,35.43,35.049999,35.380001,9300800
7/12/17,35.650002,35.799999,35.5,35.689999,9211200
7/13/17,35.459999,36.16,35.459999,36.150002,9943900
7/14/17,36.130001,36.349998,35.98,36.25,7196600
7/17/17,36.029999,36.060001,35.639999,35.91,4649800
7/18/17,35.880001,36.040001,35.720001,35.869999,6185300
7/19/17,36.060001,36.419998,36.060001,36.41,7033800
7/20/17,36.41,36.41,36.080002,36.099998,6996600
7/21/17,36.060001,36.060001,35.700001,35.849998,5023500
7/24/17,36.110001,36.220001,36.009998,36.220001,6842100
7/25/17,36.009998,36.25,35.970001,36.099998,5276300
7/26/17,36.099998,36.25,35.939999,36.220001,4342200
7/27/17,36.540001,36.610001,35.959999,36.18,7243100
7/28/17,36.049999,36.07,35.700001,35.860001,3678400
7/31/17,36.029999,36.400002,35.849998,35.959999,7757600
8/1/17,35.950001,35.990002,35.709999,35.84,5437300
8/2/17,36.400002,36.470001,35.860001,36.07,6064600
8/3/17,36.110001,36.110001,35.650002,35.790001,3919800
8/4/17,35.93,36.080002,35.759998,36.029999,4071400
8/7/17,36.259998,36.82,36.259998,36.790001,4860200
8/8/17,36.709999,36.959999,36.639999,36.700001,3301200
8/9/17,36.200001,36.470001,36.029999,36.459999,3153700
8/10/17,36,36.029999,35.34,35.34,5605400
8/11/17,35.52,36.200001,35.43,36.139999,4291100
8/14/17,36.029999,36.099998,35.849998,36.049999,3875600
8/15/17,36.189999,36.490002,36.09,36.419998,3820400
8/16/17,36.200001,36.439999,36.139999,36.34,3232000
8/17/17,36.299999,36.34,35.77,35.790001,3324000
8/18/17,36,36.099998,35.610001,35.860001,3692800
8/21/17,35.91,36.009998,35.630001,35.98,3588100
8/22/17,36.470001,36.669998,36.34,36.52,3202300
8/23/17,36.470001,36.599998,36.369999,36.580002,2956400
8/24/17,36.779999,36.93,36.580002,36.830002,4544500
8/25/17,36.93,37.060001,36.75,36.849998,2975200
8/28/17,36.59,36.869999,36.57,36.77,2199900
8/29/17,36.52,36.970001,36.5,36.880001,2997700
8/30/17,36.880001,37.080002,36.799999,36.93,2838900
8/31/17,36.950001,36.98,36.700001,36.970001,4288600
9/1/17,37,37.240002,36.91,37.220001,4100000
9/5/17,37.25,37.400002,36.650002,36.849998,7123000
9/6/17,37.060001,37.369999,37,37.27,4187700
9/7/17,37.240002,37.540001,37.18,37.540001,3597500
9/8/17,37.57,37.68,37.349998,37.5,5581800
9/11/17,37.389999,37.880001,37.349998,37.84,6920100
9/12/17,37.849998,37.939999,37.650002,37.860001,3524500
9/13/17,37.669998,37.790001,37.490002,37.529999,4983400
9/14/17,37.5,37.73,37.369999,37.380001,5799000
9/15/17,37.52,37.669998,37.400002,37.650002,7245600
9/18/17,37.869999,38.119999,37.830002,38.07,6179600
9/19/17,38.18,38.43,38.130001,38.299999,6559400
9/20/17,38.360001,38.389999,37.439999,37.82,7961100
9/21/17,37.790001,38.330002,37.669998,38.240002,8458000
9/22/17,37.700001,37.830002,37.59,37.77,4529900
9/25/17,37.5,37.5,36.860001,37.07,5895000
9/26/17,37.09,37.32,36.93,37.139999,5995400
9/27/17,37.290001,37.360001,37.009998,37.25,4802700
9/28/17,36.959999,37.099998,36.790001,37.049999,7618700
9/29/17,37.259998,37.599998,37.259998,37.549999,3818500
10/2/17,37.830002,38.18,37.77,38.130001,5096200
10/3/17,38.360001,38.470001,38.25,38.439999,3727100
10/4/17,38.25,38.34,38.130001,38.27,2717200
10/5/17,38.66,38.849998,38.389999,38.459999,4456400
10/6/17,38.41,38.48,38.209999,38.459999,3086100
10/9/17,38.599998,38.810001,38.5,38.77,1963500
10/10/17,39.110001,39.16,38.82,38.970001,4112000
10/11/17,39.799999,40.389999,39.68,40.349998,9015400
10/12/17,40.490002,40.66,40.32,40.439999,5524100
10/13/17,40.700001,40.860001,40.630001,40.82,3913100
10/16/17,40.880001,40.919998,40.650002,40.889999,2707000
10/17/17,40.830002,41.25,40.540001,41.25,7582200
10/18/17,41.400002,41.720001,40.93,41.5,6653200
10/19/17,41.02,41.290001,40.5,41.07,5710500
10/20/17,41.02,41.119999,40.830002,41.119999,5251600
10/23/17,41.369999,41.48,41.110001,41.209999,5092400
10/24/17,41.259998,41.380001,40.970001,41.32,4251600
10/25/17,41.299999,41.41,40.700001,41.16,3360000
10/26/17,41.18,41.34,41.07,41.200001,3651500
10/27/17,41.48,42.18,41.419998,42.150002,4822800
10/30/17,42.360001,42.66,42.080002,42.130001,5200800
10/31/17,42.18,42.52,42.099998,42.330002,3704500
11/1/17,42.48,42.5,41.860001,42.099998,4235700
11/2/17,42.09,42.240002,41.950001,42.150002,3255800
11/3/17,41.900002,42.23,41.59,42.189999,6140900
11/6/17,42.189999,42.48,42.080002,42.43,5650500
11/7/17,42.639999,42.709999,42.259998,42.509998,2761600
11/8/17,42.419998,42.540001,42.209999,42.43,2378400
11/9/17,42.139999,42.220001,41.290001,41.639999,4680100
11/10/17,41.790001,41.82,41.59,41.720001,5333900
11/13/17,41.720001,42.009998,41.509998,42.009998,2222000
11/14/17,41.779999,41.889999,41.509998,41.860001,2799400
11/15/17,41.389999,41.650002,41.279999,41.540001,3417300
11/16/17,41.75,42.240002,41.75,42.099998,3304500
11/17/17,42.240002,42.419998,41.970001,42.07,3702000
11/20/17,42.07,42.279999,41.959999,42.209999,4455300
11/21/17,42.619999,42.869999,42.549999,42.580002,3668500
11/22/17,42.59,42.740002,42.290001,42.41,2768600
11/24/17,42.669998,43.02,42.610001,42.990002,1499700
11/27/17,41.669998,41.68,41.060001,41.09,8188400
11/28/17,41.029999,41.220001,40.810001,40.93,4864800
11/29/17,40.880001,40.91,39.240002,39.41,11796100
11/30/17,39.599998,39.740002,39.169998,39.599998,9357100
12/1/17,39.950001,39.990002,39,39.700001,7192200
12/4/17,40.049999,40.130001,39.299999,39.389999,7109000
12/5/17,39.200001,39.52,38.93,39.200001,4504000
12/6/17,38.959999,39.09,38.52,38.68,8622000
12/7/17,38.75,39.029999,38.610001,39.009998,11285400
12/8/17,39.380001,39.549999,38.950001,39,5071600
12/11/17,39.189999,39.580002,39.18,39.369999,5272500
12/12/17,39.220001,39.380001,39.080002,39.299999,5488100
12/13/17,39.470001,39.490002,39.220001,39.290001,4227100
12/14/17,39.5,39.650002,39.32,39.400002,4737600
12/15/17,39.400002,39.619999,39.25,39.5,7156400
12/18/17,39.380001,39.470001,39.200001,39.400002,5746900
12/19/17,39.209999,39.41,39.119999,39.34,4454900
12/20/17,39.380001,39.610001,39.169998,39.439999,6330100
12/21/17,39.560001,39.66,39.200001,39.23,3563100
12/22/17,39.599998,39.630001,39.299999,39.630001,2523600
12/26/17,39.310001,39.310001,38.810001,38.950001,2861500
12/27/17,39,39.110001,38.880001,39.080002,3092900
12/28/17,39.509998,39.889999,39.400002,39.740002,4279500
12/29/17,39.849998,40.220001,39.650002,39.650002,3870900
1/2/18,40.509998,41.049999,40.419998,41.02,4984000
1/3/18,41.59,41.810001,41.439999,41.709999,6963200
1/4/18,41.919998,42,41.450001,41.490002,4876600
1/5/18,41.889999,42.57,41.790001,42.459999,5330800
1/8/18,42.400002,42.48,42.189999,42.439999,3538200
1/9/18,42.490002,42.5,42.130001,42.18,5729900
1/10/18,41.349998,41.450001,40.720001,41.299999,7102700
1/11/18,41.220001,41.400002,40.950001,41.029999,5701800
1/12/18,41.040001,41.299999,40.759998,41.189999,5028000
1/16/18,42.009998,42.349998,41.810001,42.23,9081600
1/17/18,42.66,43.27,42.5,43.130001,7117700
1/18/18,43.860001,44.849998,43.5,44.57,11866200
1/19/18,45.07,45.540001,44.580002,44.669998,6543700
1/22/18,46,46.400002,45.939999,46.380001,8335800
1/23/18,46.48,46.57,46.060001,46.279999,5659600
1/24/18,45.639999,45.669998,45.25,45.330002,7400600
1/25/18,45.709999,45.779999,45.040001,45.099998,7655700
1/26/18,45.5,45.740002,45.029999,45.720001,7057300
1/29/18,45.470001,45.689999,45.200001,45.400002,11604400
1/30/18,44.57,45.029999,44.400002,44.880001,10224600
1/31/18,45.43,45.799999,45.119999,45.310001,6333300
2/1/18,45.330002,45.93,45.299999,45.450001,6706500
2/2/18,45.009998,45.32,44.450001,44.509998,12051800
2/5/18,44.049999,44.810001,42.810001,42.950001,11748300
2/6/18,42.27,43.700001,42.099998,43.59,13414100
2/7/18,42.990002,42.990002,41.880001,41.880001,15239500
2/8/18,42.110001,42.119999,40.360001,40.360001,11356000
2/9/18,40.740002,41.68,39.959999,41.470001,10588400
2/12/18,42.029999,42.790001,41.959999,42.529999,6573300
2/13/18,42.540001,42.66,41.880001,42.380001,5831900
2/14/18,42.169998,43.09,41.919998,43.049999,6860100
2/15/18,43.52,43.75,42.75,43.52,6116500
2/16/18,43.349998,43.959999,43.310001,43.48,4792100
2/20/18,43.080002,44.16,43,43.740002,9291700
2/21/18,43.66,43.82,42.869999,42.889999,6612600
2/22/18,42.669998,42.740002,42.18,42.389999,7984000
2/23/18,43.389999,43.900002,43.110001,43.900002,7204900
2/26/18,44.110001,44.41,43.799999,44.41,3897600
2/27/18,44.049999,44.299999,43.610001,43.619999,5999100
2/28/18,43.669998,43.91,43.290001,43.349998,6400100
3/1/18,43.349998,43.560001,42.310001,42.720001,7792400
3/2/18,42.389999,43.049999,42.150002,43.009998,4819600
3/5/18,43.049999,43.759998,42.869999,43.490002,5977200
3/6/18,44.34,44.400002,43.43,43.540001,8632000
3/7/18,43.310001,44.279999,43.18,44.200001,4482900
3/8/18,44.299999,44.389999,43.59,43.799999,7092400
3/9/18,44.049999,44.599998,43.52,44.59,8336200
3/12/18,44.790001,45.349998,44.75,45.220001,5176100
3/13/18,45.5,45.75,44.91,44.990002,5842300
3/14/18,45.43,45.450001,44.830002,45.150002,4300500
3/15/18,45.099998,45.650002,44.889999,45.310001,3942200
3/16/18,45,45.52,44.93,44.970001,8125600
3/19/18,44.720001,44.869999,44.189999,44.599998,5116500
3/20/18,44.700001,44.91,44.52,44.830002,6404200
3/21/18,44.57,44.849998,44.25,44.700001,7036400
3/22/18,44.099998,44.369999,43.689999,43.689999,6318500
3/23/18,43.630001,43.700001,42.580002,42.580002,5923500
3/26/18,43.810001,44.279999,43.18,44.27,5395200
3/27/18,44.720001,44.84,43.130001,43.290001,6995000
3/28/18,42.98,43.169998,42.439999,42.689999,8563100
3/29/18,43,43.919998,42.959999,43.759998,7758900
4/2/18,43.34,43.59,42.419998,42.5,6361200
4/3/18,44.27,44.279999,43.029999,43.48,6174500
4/4/18,42.369999,43.939999,42.349998,43.939999,5497100
4/5/18,44.029999,44.23,43.139999,43.32,6115100
4/6/18,42.880001,43.169998,42.259998,42.419998,5133100
4/9/18,43.09,44.040001,42.91,43.07,6696400
4/10/18,43.869999,44.220001,43.029999,43.580002,5682300
4/11/18,43.25,43.790001,43.25,43.380001,4788000
4/12/18,43.330002,43.849998,43.049999,43.849998,7574700
4/13/18,43.689999,43.740002,42.560001,42.650002,5749900
4/16/18,42.810001,43.009998,42.68,42.869999,5206900
4/17/18,42.09,42.360001,41.77,42.310001,9831100
4/18/18,42.099998,42.259998,41.209999,41.919998,8947400
4/19/18,39.93,40.080002,39.110001,39.529999,27527000
4/20/18,39.369999,39.540001,38.82,38.950001,15313300
4/23/18,38.959999,39.080002,38.529999,38.75,11178300
4/24/18,39.040001,39.209999,38.299999,38.75,13004000
4/25/18,38.360001,38.490002,38.02,38.169998,12359200
4/26/18,38.080002,38.560001,38.080002,38.169998,7685800
4/27/18,38.740002,38.740002,37.990002,38.169998,8276100
4/30/18,38.689999,38.84,38.380001,38.450001,7968000
5/1/18,38.34,38.939999,38.259998,38.93,5507000
5/2/18,38.599998,38.599998,37.650002,37.75,11522200
5/3/18,37.549999,38.189999,37.299999,38.099998,7021400
5/4/18,38,38.66,37.939999,38.59,9474000
5/7/18,38.450001,38.650002,38.240002,38.450001,4590100
5/8/18,38.98,39.380001,38.939999,39.18,8116600
5/9/18,39.369999,39.459999,39.16,39.349998,5861400
5/10/18,39.57,39.869999,39.439999,39.77,7957900
5/11/18,40.040001,40.18,39.639999,39.91,4184400
5/14/18,40.130001,40.549999,39.880001,39.950001,5014000
5/15/18,39.360001,39.400002,38.959999,39.299999,5622800
5/16/18,39.400002,39.830002,39.279999,39.790001,7671500
5/17/18,39.07,39.240002,38.669998,38.959999,7964200
5/18/18,38.470001,38.549999,38.279999,38.419998,7783900
5/21/18,39.34,39.700001,39.119999,39.470001,7902200
5/22/18,39.470001,39.790001,39.450001,39.639999,5752000
5/23/18,39.139999,39.650002,39.09,39.650002,4815400
5/24/18,39.369999,39.450001,38.779999,39.27,7930800
5/25/18,39.099998,39.490002,38.93,39.299999,5403000
5/29/18,38.490002,38.560001,38.029999,38.16,7198200
5/30/18,38.299999,38.400002,38.07,38.34,8413400
5/31/18,38.330002,38.860001,38.290001,38.700001,8129400
6/1/18,38.990002,39.200001,38.799999,39.200001,5970000
6/4/18,39.849998,40,39.669998,39.970001,8927200
6/5/18,39.700001,39.860001,39.400002,39.540001,6345900
6/6/18,39.849998,39.93,39.560001,39.560001,9829700
6/7/18,39.560001,39.939999,39.459999,39.52,8216900
6/8/18,39.16,39.16,38.52,38.93,8081300
6/11/18,39,39.150002,38.759998,38.759998,4511600
6/12/18,39.130001,39.360001,38.98,39.200001,6582600
6/13/18,39.73,39.889999,39.049999,39.049999,9616600
6/14/18,39.029999,39.07,38.599998,38.599998,7636000
6/15/18,38.82,38.939999,38.549999,38.689999,11235700
6/18/18,38.310001,38.360001,37.84,38.25,8921400
6/19/18,37.700001,37.970001,37.349998,37.560001,9848900
6/20/18,38.34,38.59,38.009998,38.349998,8668600
6/21/18,37.869999,38.009998,37.549999,37.619999,9246700
6/22/18,38.27,38.310001,37.970001,38.119999,10338500
6/25/18,36.299999,36.560001,36.049999,36.509998,10528100
6/26/18,36.330002,36.700001,36.110001,36.459999,8817000
6/27/18,36.25,36.32,35.509998,35.509998,8798100
6/28/18,35.5,35.939999,35.349998,35.939999,7199000
6/29/18,36.549999,36.77,36.439999,36.560001,8088200
7/2/18,36.209999,36.57,36.040001,36.540001,7365500
7/3/18,36.389999,36.610001,36.349998,36.389999,6512600
7/5/18,36.400002,36.599998,36.240002,36.59,9230900
7/6/18,36.82,37.349998,36.759998,37.27,7251600
7/9/18,37.869999,38.029999,37.57,37.830002,7124100
7/10/18,37.470001,37.950001,37.470001,37.93,7211500
7/11/18,37.330002,37.349998,36.900002,36.970001,7316200
7/12/18,37.330002,37.59,37.200001,37.310001,5275300
7/13/18,37.540001,37.799999,37.48,37.77,4947500
7/16/18,37.880001,37.889999,37.650002,37.790001,5399200
7/17/18,37.5,38.119999,37.349998,38.040001,6238500
7/18/18,38.040001,38.470001,37.880001,38.41,10532200
7/19/18,39.439999,40.389999,38.619999,39.810001,17762300
7/20/18,39.990002,40.849998,39.84,40.73,14481000
7/23/18,40.82,40.98,40.630001,40.740002,6832800
7/24/18,41.099998,41.209999,40.380001,40.389999,7018300
7/25/18,40.529999,40.900002,40.310001,40.889999,7725700
7/26/18,40.700001,40.939999,40.439999,40.82,8476600
7/27/18,40.939999,41.919998,40.939999,41.450001,9468500
7/30/18,41.450001,41.52,40.889999,41.09,5174300
7/31/18,41.259998,41.580002,41.09,41.209999,4908300
8/1/18,41.439999,41.73,41.32,41.709999,6115000
8/2/18,41.099998,41.650002,41,41.549999,4669300
8/3/18,41.639999,41.950001,41.560001,41.689999,4575200
8/6/18,41.200001,41.419998,41,41.07,7245800
8/7/18,41.07,41.25,40.84,41.240002,7494900
8/8/18,41.560001,42.110001,41.450001,41.970001,5089600
8/9/18,41.939999,41.950001,41.68,41.84,4513300
8/10/18,41.299999,41.299999,40.790001,41.029999,7053200
8/13/18,40.689999,40.990002,40.470001,40.709999,6708600
8/14/18,41,41.189999,40.869999,40.91,5339100
8/15/18,40.450001,40.549999,40.119999,40.450001,6052800
8/16/18,40.450001,40.73,40.369999,40.41,5544000
8/17/18,40.189999,40.220001,39.790001,40.130001,7897200
8/20/18,40.02,40.240002,39.900002,40.099998,4156700
8/21/18,40.369999,41.040001,40.360001,40.889999,6075100
8/22/18,40.849998,41.049999,40.540001,40.900002,5512700
8/23/18,41.299999,41.349998,40.68,40.68,4126100
8/24/18,40.93,41.41,40.830002,41.240002,4232000
8/27/18,41.43,41.709999,41.369999,41.529999,5733000
8/28/18,42.389999,42.759998,42.25,42.349998,10683500
8/29/18,43.189999,44.380001,43.09,44.130001,12278200
8/30/18,44.349998,44.490002,43.41,43.459999,7826200
8/31/18,43.119999,43.610001,42.959999,43.599998,8782900
9/4/18,43.259998,44.119999,43.189999,44.110001,8174900
9/5/18,44.09,44.57,44.02,44.220001,7262400
9/6/18,43.939999,44.07,43.580002,44.049999,10424900
9/7/18,44,45.240002,43.98,44.880001,14256000
9/10/18,45,45.060001,44.52,44.619999,6824900
9/11/18,43.639999,44.57,43.580002,44.549999,12509700
9/12/18,43.919998,44.299999,43.82,43.939999,10303700
9/13/18,43.990002,43.990002,43.27,43.43,9624500
9/14/18,44.02,44.560001,43.950001,44.41,5295400
9/17/18,43.630001,44.139999,43.470001,43.759998,6210300
9/18/18,43.5,44.09,43.349998,43.560001,8814200
9/19/18,44.200001,44.389999,43.740002,44.02,6393200
9/20/18,44.25,44.43,43.900002,44.169998,4728000
9/21/18,44.25,44.41,44.02,44.060001,6668600
9/24/18,43.84,44.939999,43.790001,44.889999,8229100
9/25/18,44.799999,44.91,44.130001,44.169998,6678200
9/26/18,44.25,44.73,44.25,44.27,4564300
9/27/18,44.599998,45.23,44.580002,44.759998,6711700
9/28/18,44.5,44.619999,43.970001,44.16,7727700
10/1/18,44.549999,44.959999,44.419998,44.66,5029800
10/2/18,43.75,43.990002,43.450001,43.619999,5440300
10/3/18,44.040001,44.240002,43.57,43.959999,5631100
10/4/18,43.07,43.080002,41.970001,42.43,7885000
10/5/18,41.880001,42.07,41.169998,41.630001,7921400
10/8/18,40.759998,41.169998,40.400002,40.959999,7761800
10/9/18,41,41.299999,40.580002,40.900002,5678700
10/10/18,40.349998,40.439999,39.349998,39.349998,12853500
10/11/18,38.5,39.599998,38.330002,38.939999,10209000
10/12/18,40.139999,40.580002,39.189999,39.66,7578600
10/15/18,39.470001,39.59,38.720001,38.75,8209000
10/16/18,39.84,40.060001,39.400002,40.009998,10748100
10/17/18,40,40.09,39.18,39.57,8173600
10/18/18,39.799999,39.950001,38.459999,38.540001,9555600
10/19/18,39.16,39.32,38.34,38.450001,11266200
10/22/18,39.189999,39.23,38.540001,38.720001,8165700
10/23/18,37.419998,38.18,37.259998,38,12350000
10/24/18,37.560001,37.560001,36.43,36.48,13312400
10/25/18,36.779999,37.549999,36.490002,37.389999,9927300
10/26/18,36.549999,37.290001,36.139999,36.669998,11973200
10/29/18,37.169998,37.41,35.970001,36.330002,8269300
10/30/18,36.84,37.799999,36.669998,37.779999,12106400
10/31/18,38.689999,38.990002,38.029999,38.099998,12610900
11/1/18,38.779999,39.080002,38.389999,39.049999,14348600
11/2/18,39.18,39.490002,38.43,38.779999,9736200
11/5/18,38.720001,38.82,38.310001,38.48,8591900
11/6/18,38.5,38.849998,38.419998,38.73,8578100
11/7/18,39.290001,39.299999,38.720001,39.18,6568700
11/8/18,38.790001,39.060001,38.689999,38.700001,7953700
11/9/18,38.09,38.389999,37.810001,38.07,5975400
11/12/18,37.860001,37.919998,37.009998,37.060001,11666700
11/13/18,37.389999,38.119999,37.240002,37.400002,15057100
11/14/18,38.200001,38.34,37.369999,37.84,10404900
11/15/18,38.07,38.57,37.889999,38.52,10840400
11/16/18,37.07,37.200001,36.66,36.869999,16382400
11/19/18,36.639999,36.68,35.959999,36.049999,15191700
11/20/18,35.400002,35.990002,35.220001,35.639999,11673500
11/21/18,36.419998,36.720001,36.139999,36.169998,7013100
11/23/18,35.830002,36.200001,35.75,35.959999,2320500
11/26/18,36.709999,36.889999,36.470001,36.84,7077300
11/27/18,36.389999,36.82,36.389999,36.799999,6870200
11/28/18,37.27,38.02,37.07,38.009998,8380200
11/29/18,37.950001,38.369999,37.869999,37.93,7056600
11/30/18,37.240002,37.599998,37.080002,37.59,8734400
12/3/18,38.82,39,38.380001,38.73,7457600
12/4/18,38.529999,38.779999,37.43,37.439999,13321200
12/6/18,35.700001,36.860001,35.610001,36.860001,12075700
12/7/18,36.650002,36.939999,36.139999,36.52,10802700
12/10/18,36.310001,36.830002,36.080002,36.43,12439100
12/11/18,37.240002,37.349998,36.299999,36.700001,8635800
12/12/18,37.610001,37.700001,37.27,37.380001,8405400
12/13/18,37.490002,37.66,37.189999,37.330002,5825900
12/14/18,36.799999,37.110001,36.529999,36.529999,5969600
12/17/18,36.630001,36.939999,36.119999,36.220001,10733100
12/18/18,36.610001,37,36.610001,36.759998,7100400
12/19/18,36.619999,37.279999,36.099998,36.23,11786400
12/20/18,36.41,36.75,35.540001,35.880001,12540400
12/21/18,36.639999,36.93,35.650002,35.709999,16981000
12/24/18,35.560001,35.889999,35.27,35.290001,6288500
12/26/18,35.330002,36.77,35.330002,36.759998,10063400
12/27/18,36.200001,36.799999,35.959999,36.779999,8688600
12/28/18,37.130001,37.68,37.02,37.139999,7369000
12/31/18,37.43,37.59,36.77,36.91,4600600
1/2/19,36.200001,36.75,36,36.52,5273100
1/3/19,35.34,35.52,34.27,34.360001,15998000
1/4/19,34.459999,35.029999,34.209999,34.970001,14178200
1/7/19,35.009998,35.470001,34.970001,35.23,6850800
1/8/19,35.110001,35.18,34.639999,34.939999,11462600
1/9/19,35.330002,35.959999,35.330002,35.610001,11770300
1/10/19,35.459999,36.48,35.400002,36.419998,7894600
1/11/19,36.450001,36.77,36.240002,36.610001,7232700
1/14/19,36.130001,36.189999,35.720001,35.759998,6146200
1/15/19,36.040001,36.23,35.799999,36.040001,10165800
1/16/19,35.900002,36.029999,35.639999,35.639999,8727400
1/17/19,34.919998,36.549999,34.830002,36.290001,21916900
1/18/19,36.240002,37.009998,36.16,36.84,12905900
1/22/19,36.5,36.759998,36.099998,36.369999,13381700
1/23/19,36.529999,36.740002,36.240002,36.490002,13918600
1/24/19,36.880001,37.639999,36.779999,37.639999,14094100
1/25/19,38,38.259998,37.880001,38.139999,16763700
1/28/19,36.919998,37.66,36.900002,37.439999,14086500
1/29/19,37.290001,37.290001,36.299999,36.330002,10100800
1/30/19,36.810001,37.450001,36.290001,37.380001,9281600
1/31/19,37.310001,38.099998,37.310001,37.619999,7633400
2/1/19,37.75,37.869999,37.439999,37.57,6438300
2/4/19,37.5,38.009998,37.380001,37.939999,7283800
2/5/19,37.919998,38.27,37.880001,38.25,7314000
2/6/19,38.419998,38.82,38.310001,38.740002,8795200
2/7/19,38.369999,38.459999,37.830002,38.119999,7916200
2/8/19,37.709999,37.919998,37.5,37.790001,7147200
2/11/19,37.919998,38.290001,37.830002,38.290001,8860700
2/12/19,38.639999,38.77,38.439999,38.639999,8831200
2/13/19,38.369999,38.48,38.049999,38.130001,7155600
2/14/19,37.919998,38.209999,37.759998,38.060001,7782800
2/15/19,37.91,38.279999,37.869999,38.09,6257600
2/19/19,38.220001,38.66,38.099998,38.459999,8105700
2/20/19,38.93,39.509998,38.889999,39,7178600
2/21/19,39.07,39.18,38.799999,38.98,4607300
2/22/19,39.119999,39.41,39.080002,39.389999,5117800
2/25/19,39.869999,39.919998,39.48,39.580002,5101500
2/26/19,39.41,39.669998,39.380001,39.599998,5587300
2/27/19,39.509998,39.59,39.060001,39.450001,8194900
2/28/19,39.119999,39.290001,39,39.049999,5705100
3/1/19,39.360001,39.52,39.200001,39.389999,5299200
3/4/19,39.330002,39.330002,38.709999,39.150002,7081100
3/5/19,38.950001,39.23,38.66,39.02,7192400
3/6/19,39.060001,39.220001,38.779999,38.790001,4433400
3/7/19,38.77,38.880001,38.369999,38.630001,4231300
3/8/19,37.950001,38.380001,37.939999,38.200001,5066200
3/11/19,38.23,38.689999,38.200001,38.639999,6005400
3/12/19,39.049999,39.169998,38.860001,38.900002,5580200
3/13/19,39.220001,39.439999,39.02,39.209999,6086400
3/14/19,39,39.049999,38.740002,38.82,4935000
3/15/19,39.41,40.07,39.41,39.650002,8871300
3/18/19,39.860001,39.98,39.639999,39.849998,6290900
3/19/19,39.98,40.080002,39.599998,39.759998,8033600
3/20/19,39.77,40.150002,39.639999,39.849998,5394000
3/21/19,40.25,41.240002,40.220001,41.040001,6509600
3/22/19,40.84,41.02,40.34,40.43,6759100
3/25/19,40,40.459999,39.77,39.919998,4901800
3/26/19,40.110001,40.630001,40.07,40.400002,5573500
3/27/19,40.189999,40.259998,39.799999,40.200001,7660300
3/28/19,40.240002,40.540001,40.200001,40.34,6632700
3/29/19,40.82,41.049999,40.599998,40.959999,6116300
4/1/19,41.080002,41.369999,40.740002,41.369999,6834200
4/2/19,41.18,41.360001,41,41.27,5580200
4/3/19,41.599998,41.959999,41.509998,41.790001,6821100
4/4/19,41.73,42.18,41.650002,42.040001,7610300
4/5/19,42.34,42.34,42.060001,42.23,4430600
4/8/19,42.240002,42.490002,42.080002,42.389999,6830300
4/9/19,42.240002,42.299999,42.029999,42.209999,5049900
4/10/19,42.259998,42.5,42.18,42.369999,4040200
4/11/19,42.09,42.200001,41.950001,42.099998,5172200
4/12/19,42.470001,42.650002,42.279999,42.580002,6555700
4/15/19,42.580002,42.77,42.459999,42.610001,5274400
4/16/19,42.830002,43.080002,42.75,43.009998,6639100
4/17/19,43.900002,44.459999,43.860001,44.389999,15795700
4/18/19,44.060001,45.639999,44,45.400002,16569800
4/22/19,44.790001,45.16,44.59,45.150002,10872000
4/23/19,45.150002,45.419998,45.060001,45.419998,11437500
4/24/19,45.080002,45.59,44.939999,45.41,10776800
4/25/19,44.93,45.040001,44.43,44.48,10149800
4/26/19,43.650002,44,43.32,43.939999,12745000
4/29/19,43.849998,43.919998,43.580002,43.830002,9272100
4/30/19,43.400002,43.939999,43.259998,43.82,11863900
5/1/19,44.290001,44.560001,43.82,43.82,7319000
5/2/19,43.860001,44.470001,43.75,44.400002,10717200
5/3/19,44.93,45.139999,44.560001,44.709999,5479900
5/6/19,43.32,43.82,43.209999,43.759998,10756400
5/7/19,43.830002,44.049999,43.290001,43.759998,10225200
5/8/19,43.52,44,43.459999,43.700001,8112600
5/9/19,42.919998,43.299999,42.279999,43.25,11229400
5/10/19,42.860001,43.09,42.189999,42.830002,8313900
5/13/19,41.369999,41.509998,40.740002,40.990002,11046000
5/14/19,41.59,42.080002,41.400002,41.970001,7107800
5/15/19,41.549999,42.330002,41.459999,41.970001,5347700
5/16/19,41.630001,41.639999,41.220001,41.529999,9214700
5/17/19,40.389999,40.950001,40.09,40.25,11271000
5/20/19,39.25,39.299999,38.52,38.66,13979700
5/21/19,39.150002,39.34,38.66,39.299999,11806400
5/22/19,39.200001,39.389999,38.889999,38.900002,12217600
5/23/19,37.98,38.18,37.41,38.07,14708800
5/24/19,38.419998,38.740002,38.200001,38.200001,10540700
5/28/19,38.130001,38.200001,37.650002,37.650002,12484600
5/29/19,37.459999,37.75,37.18,37.689999,13043000
5/30/19,37.950001,38.369999,37.84,38.040001,7351600
5/31/19,38.27,38.970001,38.25,38.349998,9302700
6/3/19,38.959999,39.09,38.66,38.82,9618300
6/4/19,38.639999,39.099998,38.419998,39.060001,6985600
6/5/19,39.240002,39.259998,38.099998,38.23,8219800
6/6/19,38.18,38.59,37.919998,38.439999,6234000
6/7/19,38.740002,39,38.560001,38.82,4456900
6/10/19,39.490002,40.130001,39.450001,39.619999,8351800
6/11/19,40.470001,40.599998,39.939999,39.959999,6100600
6/12/19,40,40.189999,39.450001,39.459999,6163200
6/13/19,39.619999,39.619999,39.029999,39.450001,6646800
6/14/19,38.630001,38.700001,37.830002,37.84,11281500
6/17/19,37.919998,38.049999,37.66,37.66,6500700
6/18/19,38.27,39.419998,38.220001,39.209999,12303200
6/19/19,39.939999,39.959999,39.299999,39.400002,10217600
6/20/19,40.450001,40.720001,40.139999,40.509998,10400000
6/21/19,40.52,40.700001,40.419998,40.52,12766200
6/24/19,39.560001,40.07,39.439999,39.98,6571000
6/25/19,39.52,39.52,38.91,38.919998,6790500
6/26/19,39.380001,39.380001,38.98,39.080002,9133300
6/27/19,39.580002,39.759998,39.290001,39.59,11375200
6/28/19,39.73,39.73,39.119999,39.169998,7040000
7/1/19,41.540001,41.900002,41.150002,41.380001,11046800
7/2/19,41.189999,41.310001,40.740002,40.799999,4445600
7/3/19,40.349998,40.369999,40.009998,40.330002,3125000
7/5/19,39.869999,40.099998,39.639999,39.93,3149300
7/8/19,39.57,39.689999,39.240002,39.32,6772300
7/9/19,39.650002,40.009998,39.419998,39.669998,6577000
7/10/19,40.830002,41.139999,40.549999,40.709999,7945000
7/11/19,41.139999,41.189999,40.830002,40.900002,6126600
7/12/19,41.110001,41.27,40.82,41.23,4695800
7/15/19,41.75,41.93,41.66,41.82,5784300
7/16/19,41.799999,41.950001,41.57,41.77,6529500
7/17/19,41.68,41.91,41.52,41.630001,5514600
7/18/19,42.52,43.23,42.310001,43.189999,11262000
7/19/19,43.080002,44.02,43.07,43.830002,11438800
7/22/19,44.200001,44.880001,44.130001,44.599998,10035800
7/23/19,44.540001,44.580002,44.240002,44.419998,6565800
7/24/19,44.5,44.630001,44.240002,44.540001,7130400
7/25/19,44.209999,44.240002,43.619999,43.619999,6593900
7/26/19,43.73,43.889999,43.380001,43.459999,4399000
7/29/19,43.52,43.950001,43.400002,43.939999,4138600
7/30/19,43.400002,43.400002,42.77,43.110001,4938500
7/31/19,43.029999,43.169998,42.049999,42.630001,7592300
8/1/19,42.75,43.389999,41.599998,41.869999,9662800
8/2/19,41.150002,41.779999,41.009998,41.650002,9317000
8/5/19,40.41,40.52,39.779999,39.869999,6668400
8/6/19,41.18,41.509998,40.889999,41.259998,8667700
8/7/19,41.049999,41.450001,40.799999,41.259998,5484700
8/8/19,41.849998,42.18,41.75,41.900002,7795900
8/9/19,41.59,41.709999,41,41.41,3480500
8/12/19,41.049999,41.27,40.849998,40.959999,3463500
8/13/19,40.630001,41.990002,40.549999,41.84,7697800
8/14/19,40.849998,41.09,40.25,40.43,9621800
8/15/19,40.380001,40.990002,40.34,40.860001,7690100
8/16/19,41.18,41.73,41.150002,41.540001,4845700
8/19/19,42.16,42.209999,41.650002,41.779999,3797600
8/20/19,42,42.220001,41.720001,41.939999,7540300
8/21/19,42.41,42.639999,42.290001,42.580002,3914600
8/22/19,42.389999,42.490002,41.73,42.130001,3145600
8/23/19,41.939999,42.150002,40.860001,40.950001,7526900
8/26/19,41.369999,41.549999,41.130001,41.34,5519000
8/27/19,41.549999,41.68,41.27,41.349998,4192800
8/28/19,41.32,41.77,41.049999,41.650002,3586000
8/29/19,42.34,42.57,42.23,42.279999,5171600
8/30/19,42.709999,42.889999,42.360001,42.630001,5382200
9/3/19,42.150002,42.16,41.580002,41.720001,4748000
9/4/19,42.610001,43.150002,42.389999,43.150002,4460900
9/5/19,43.759998,44.509998,43.759998,44.240002,7698300
9/6/19,44,44.040001,43.689999,43.709999,4325300
9/9/19,43.91,44.080002,43.540001,43.849998,4677000
9/10/19,43.599998,44.099998,43.360001,44.099998,5001600
9/11/19,43.91,44.27,43.84,44.220001,4016800
9/12/19,44.290001,44.459999,43.93,44.07,6577900
9/13/19,44.43,44.830002,44.189999,44.740002,6231100
9/16/19,44.529999,44.740002,44.490002,44.599998,3716300
9/17/19,44.279999,45.150002,44.209999,45.130001,6110900
9/18/19,45.169998,45.200001,44.610001,45.040001,4044800
9/19/19,44.799999,45.220001,44.759998,44.900002,6422700
9/20/19,44.77,44.900002,43.869999,43.869999,7249200
9/23/19,44.18,44.290001,43.849998,44.07,4347000
9/24/19,44.400002,44.549999,44.060001,44.119999,7592200
9/25/19,44.200001,45.099998,44,45.009998,6719500
9/26/19,45.099998,46.509998,45.099998,46.459999,15832500
9/27/19,46,46.48,45.189999,45.509998,9610400
9/30/19,46.57,46.740002,46.119999,46.48,8396900
10/1/19,46.959999,47.849998,46.959999,47.189999,11575200
10/2/19,46.709999,46.939999,46.330002,46.43,5785200
10/3/19,46.450001,47.139999,46.240002,47.130001,6091600
10/4/19,47.029999,47.450001,46.779999,47.419998,5704200
10/7/19,47.73,48.150002,47.43,47.950001,11059000
10/8/19,48.259998,48.400002,47.599998,47.860001,13089700
10/9/19,48.200001,49.060001,48.169998,48.68,11033100
10/10/19,48.91,49.389999,48.490002,48.93,9566500
10/11/19,49.450001,49.790001,49.330002,49.419998,7499100
10/14/19,49.419998,50.130001,49.299999,49.91,7974000
10/15/19,50.200001,50.639999,50.110001,50.389999,9323200
10/16/19,50.34,51.130001,50.07,50.130001,13615700
10/17/19,51.139999,51.209999,49.259998,49.75,12410200
10/18/19,49.650002,50.09,49.130001,49.279999,9169200
10/21/19,49.529999,50.110001,49.330002,50,6538900
10/22/19,50.299999,50.830002,50.18,50.639999,10697300
10/23/19,50.099998,50.400002,49.919998,50.169998,7118800
10/24/19,50.490002,51.049999,50.23,50.950001,7006600
10/25/19,50.799999,51.23,50.689999,51.130001,6303500
10/28/19,51.400002,51.48,51.049999,51.310001,7725400
10/29/19,51.5,51.84,51.439999,51.470001,5303900
10/30/19,51.790001,52.060001,51.57,51.91,5198100
10/31/19,51.889999,51.93,51.349998,51.630001,5140800
11/1/19,51.889999,52.099998,51.700001,52.099998,5226600
11/4/19,53.549999,53.790001,53.119999,53.490002,7233400
11/5/19,53.630001,53.970001,53.490002,53.549999,5287100
11/6/19,53.700001,53.75,53.099998,53.639999,4545100
11/7/19,53.900002,54.369999,53.52,53.669998,7890900
11/8/19,53.529999,53.529999,52.529999,52.830002,6558400
11/11/19,52.389999,52.75,52.16,52.599998,4046500
11/12/19,52.689999,52.689999,52.029999,52.150002,8625100
11/13/19,52.580002,52.939999,52.150002,52.880001,5336200
11/14/19,52.5,52.73,52.130001,52.48,5308600
11/15/19,53.009998,53.389999,52.880001,53.290001,5986400
11/18/19,53.389999,53.959999,53.389999,53.419998,4774400
11/19/19,54.049999,54.139999,53.68,53.759998,4731100
11/20/19,53.549999,53.779999,53.209999,53.5,5264800
11/21/19,53.5,53.509998,52.939999,52.98,6036700
11/22/19,52.919998,53.16,52.740002,52.790001,4172300
11/25/19,53.09,53.939999,52.799999,53.759998,5021500
11/26/19,53.5,53.790001,53.380001,53.630001,5672800
11/27/19,54.029999,54.060001,53.540001,53.889999,2786100
11/29/19,53.060001,53.16,52.799999,53.09,3391700
12/2/19,53.549999,53.59,52.779999,52.98,4475800
12/3/19,52.419998,52.93,52.18,52.779999,5468100
12/4/19,53.27,53.57,53.110001,53.18,3905200
12/5/19,53.619999,54.540001,53.490002,54.400002,7624300
12/6/19,54.5,55.029999,54.5,54.939999,5429100
12/9/19,55.049999,55.189999,54.32,54.459999,6541900
12/10/19,54.68,55.060001,54.330002,54.52,4364800
12/11/19,55.040001,56.200001,55.029999,55.900002,11028000
12/12/19,57.25,58.619999,57.02,58.610001,15788700
12/13/19,59.049999,59.52,58.25,58.25,9886900
12/16/19,58.290001,58.700001,58.290001,58.540001,5779400
12/17/19,59.709999,59.709999,58.779999,59.23,8407500
12/18/19,59.599998,59.639999,58.720001,59.099998,10021200
12/19/19,58.5,58.5,57.880001,57.959999,7228700
12/20/19,57.779999,58.299999,57.32,57.93,8043800
12/23/19,58.029999,58.34,57.950001,58.220001,4022000
12/24/19,57.990002,58.09,57.549999,57.759998,2692200
12/26/19,57.799999,58.349998,57.759998,58.25,2490400
12/27/19,58.529999,58.709999,58.330002,58.459999,2847800
12/30/19,58.66,58.689999,57.619999,57.849998,3519900
12/31/19,57.68,58.130001,57.459999,58.099998,2950200